id,status,slug,title,sku,regular_price,sale_price,price,stock_status,categories
1029,trash,solid-perfume-acrylic-jar-angel-15ml__trashed,* ANGEL Solid Perfume - 15ml (*was R150),,75,,75,instock,CLEARANCE SALE
1001,trash,solid-perfume-acrylic-jar-white-diamonds-15ml-2__trashed,* TABU Solid Perfume - 15ml (*was R150*),,75,,75,instock,CLEARANCE SALE
1179,publish,acne-control-serum-100ml,Acne Control Serum - 100ml,,1050,,1050,instock,ACNE CONTROL Products; HEALTH SERUMS
1177,publish,acne-control-serum-10ml,Acne Control Serum - 10ml,,140,,140,instock,ACNE CONTROL Products; HEALTH SERUMS
1292,publish,acne-control-skin-cream-100g,Acne Control Skin Cream - 100g,,180,,180,instock,ACNE CONTROL Products
13066,publish,acne-control-skin-cream-250g,Acne Control Skin Cream - 250g,,390,,390,instock,ACNE CONTROL Products
1289,publish,acne-control-skin-cream-500g,Acne Control Skin Cream - 500g,,660,,660,instock,ACNE CONTROL Products
1287,publish,acne-control-soap-100g,Acne Control Soap - 100g,,65,,65,instock,ACNE CONTROL Products; OTHER SOAP BARS
6775,publish,acne-control-soap-bar-50g,Acne Control Soap Bar - 50g,,40,,40,instock,ACNE CONTROL Products; OTHER SOAP BARS
5176,publish,african-black-soap-100g,African Black Soap Bar - 100g,,65,,65,instock,ACNE CONTROL Products; CHARCOAL Products; OTHER SOAP BARS
13460,publish,african-black-soap-bar-50g,African Black Soap Bar - 50g,,40,,40,instock,ACNE CONTROL Products; CHARCOAL Products; OTHER SOAP BARS
1199,publish,andropause-serum-100ml,Andropause Serum - 100ml,,1650,,1650,instock,HEALTH SERUMS; OTHER NATURAL PRODUCTS
1202,publish,andropause-serum-10ml,Andropause Serum - 10ml,,220,,220,instock,HEALTH SERUMS; OTHER NATURAL PRODUCTS
1110,publish,andropause-soap-bar-100g,Andropause Soap Bar - 100g,,65,,65,instock,OTHER NATURAL PRODUCTS; OTHER SOAP BARS
1247,publish,anti-bacterial-soap-bar,Anti-Bacterial Soap Bar - 100g,,65,,65,instock,OTHER NATURAL PRODUCTS
13361,publish,anti-cancer-serum-100ml-2,Anti-Cancer Serum - 100ml,,1050,,1050,instock,HEALTH SERUMS; OTHER NATURAL PRODUCTS
1171,publish,anti-cancer-serum-10ml,Anti-Cancer Serum - 10ml,,140,,140,instock,HEALTH SERUMS; OTHER NATURAL PRODUCTS
1168,publish,anti-depressant-serum-100ml,Anti-Depressant Serum - 100ml (was R1050),,525,,525,instock,CLEARANCE SALE
1170,publish,anti-depressant-serum-10ml,Anti-Depressant Serum - 10ml (was R140),,70,,70,instock,CLEARANCE SALE
14337,publish,anxiety-stress-combo-1,Anxiety-Stress Combo 1,,1310.00,950,950,instock,HEALTH &amp; DETOX Products
14340,publish,anxiety-stress-combo-2,Anxiety-Stress Combo 2,,1310.00,950,950,instock,HEALTH &amp; DETOX Products
7579,publish,aphro-d-50-serum-100ml,Aphro-D 50+ Serum - 100ml,,1650,,1650,instock,HEALTH SERUMS
7573,publish,aphro-d-50-serum-10ml,Aphro-D 50+ Serum - 10ml,,220,,220,instock,HEALTH SERUMS
13462,publish,aphro-d-50-soap-bar-100g,Aphro-D 50+ Soap Bar - 100g,,65.00,,65.00,instock,OTHER NATURAL PRODUCTS; OTHER SOAP BARS
769,publish,argan-anti-ageing-day-night-cream-100g,Argan Anti-Ageing Day-Night Cream - 100g,,280,,280,instock,ARGAN OIL Products
13277,publish,argan-anti-ageing-day-night-cream-250g,Argan Anti-Ageing Day-Night Cream - 250g,,600,,600,instock,ARGAN OIL Products
770,publish,argan-anti-ageing-day-night-cream-500g,Argan Anti-Ageing Day-Night Cream - 500g,,1125,,1125,instock,ARGAN OIL Products
767,publish,argan-anti-ageing-day-night-cream-50g,Argan Anti-Ageing Day-Night Cream - 50g,,180,,180,instock,ARGAN OIL Products
765,publish,argan-anti-ageing-soap-bar-100g,Argan Anti-Ageing Soap Bar - 100g,,65,,65,instock,ARGAN OIL Products; OTHER SOAP BARS
6742,publish,argan-anti-ageing-soap-bar-50g,Argan Anti-Ageing Soap Bar - 50g,,40,,40,instock,ARGAN OIL Products; OTHER SOAP BARS
763,publish,argan-oil-100-moroccan-100ml,Argan Oil (100% pure) - 100ml,,330,,330,instock,ARGAN OIL Products
761,publish,argan-oil-100-moroccan-10ml,Argan Oil (100% pure) - 10ml,,80,,80,instock,ARGAN OIL Products
1167,publish,arthritis-serum-100ml,Arthritis Serum - 100ml,,1050,,1050,instock,HEALTH SERUMS
1165,publish,arthritis-serum-10ml,Arthritis Serum - 10ml,,140,,140,instock,HEALTH SERUMS
11353,publish,ashwaganda-capsules-600mg-10s,"Ashwaganda 600mg ""Vegan"" Capsules 10's",,35.00,,35.00,instock,HEALTH &amp; DETOX Products
11352,publish,ashwaganda-capsules-600mg-60s,"Ashwaganda 600mg ""Vegan"" Capsules 60's",,160.00,120,160.00,instock,HEALTH &amp; DETOX Products
1162,publish,asthma-serum-100ml,Asthma Serum - 100ml,,1440,,1440,instock,HEALTH SERUMS
1164,publish,asthma-serum-10ml,Asthma Serum - 10ml,,180,140,140,instock,HEALTH SERUMS
1174,publish,adhd-serum-100ml,"B-Focused Serum - 100ml [previously known as ""ADHD Serum""]",,1650,,1650,instock,HEALTH SERUMS
1176,publish,adhd-serum-10ml,"B-Focused Serum - 10ml [previously known as ""ADHD Serum""]",,220,,220,instock,HEALTH SERUMS
1112,publish,adhd-soap-bar-100g,"B-Focused Soap Bar - 100g [previously known as ""ADHD Soap Bar""]",,65,,65,instock,OTHER NATURAL PRODUCTS; OTHER SOAP BARS
13463,publish,b-focused-soap-bar-50g,B-Focused Soap Bar - 50g,,40.00,,40.00,instock,OTHER NATURAL PRODUCTS; OTHER SOAP BARS
1264,publish,b-fresh-foot-powder-250g,B-Fresh Foot Powder - 220g,,120,,120,instock,OTHER NATURAL PRODUCTS
11011,publish,bee-pink-cleansing-milk-100ml,BEE-Pink Cleansing Milk - 100ml,,110,,110,instock,BEE-Pink Products
11015,publish,bee-pink-cleansing-milk-500ml-refill,BEE-Pink Cleansing Milk - 500ml Refill,,400,,400,instock,BEE-Pink Products
720,publish,bee-pink-body-cream-100g,BEE-Pink Cream - 100g,,160,,160,instock,BEE-Pink Products
11670,publish,bee-pink-cream-250g,BEE-Pink Cream - 250g,,330,,330,instock,BEE-Pink Products
722,publish,bee-pink-body-cream-500g,BEE-Pink Cream - 500g,,430,,430,instock,BEE-Pink Products
2845,publish,bee-pink-body-cream-50g,BEE-Pink Cream - 50g,,90,,90,instock,BEE-Pink Products
723,publish,bee-pink-soap-bar-100g,BEE-Pink Soap Bar - 100g,,65,,65,instock,BEE-Pink Products; OTHER SOAP BARS
6759,publish,bee-pink-soap-bar-50g,BEE-Pink Soap Bar - 50g,,40,,40,instock,BEE-Pink Products; OTHER SOAP BARS
11575,publish,bay-leaf-powder-capsules-600mg-10s,"Bay Leaf Powder 600mg ""Vegan"" Capsules - 10's",,25,,25,instock,HEALTH &amp; DETOX Products
11578,publish,bay-leaf-powder-capsules-600mg-120s,"Bay Leaf Powder 600mg ""Vegan"" Capsules - 120's",,160,,160,instock,HEALTH &amp; DETOX Products
12138,publish,bayleaf-neroli-glycerine-soap-bar-100g,BayLeaf-Neroli Glycerine Soap Bar - 100g,,65,,65,instock,NEROLI Anti-Ageing; OTHER SOAP BARS
12141,publish,bayleaf-neroli-glycerine-soap-bar-50g,BayLeaf-Neroli Glycerine Soap Bar - 50g,,40,,40,instock,NEROLI Anti-Ageing; OTHER SOAP BARS
12359,publish,bayleaf-neroli-oil-100ml,BayLeaf-Neroli Serum - 100ml,,1650,,1650,instock,HEALTH SERUMS; NEROLI Anti-Ageing
12358,publish,bayleaf-neroli-oil-10ml,BayLeaf-Neroli Serum - 10ml,,220,,220,instock,HEALTH SERUMS; NEROLI Anti-Ageing
1413,publish,beard-oil-100ml,Beard Oil - 100ml,,1050,,1050,instock,HEALTH SERUMS
1411,publish,beard-oil-10ml,Beard Oil - 10ml,,140,,140,instock,HEALTH SERUMS
13464,publish,beard-oil-soap-bar-100g,Beard Oil Soap Bar - 100g,,65,,65,instock,OTHER NATURAL PRODUCTS; OTHER SOAP BARS
811,publish,beeswax-bulbinella-cream-100g,Beeswax Bulbinella Cream - 100g,,190,,190,instock,BULBINELLA Products
10785,publish,beeswax-bulbinella-cream-250g,Beeswax Bulbinella Cream - 250g,,390,,390,instock,BULBINELLA Products
813,publish,beeswax-bulbinella-cream-500g,Beeswax Bulbinella Cream - 500ml,,520,,520,instock,BULBINELLA Products
1219,publish,beeswax-lip-balm-bubblegum-20g,Beeswax Lip Balm Bubblegum - 20g,,40,,40,instock,OTHER NATURAL PRODUCTS
1221,publish,beeswax-lip-balm-cherry-20g,Beeswax Lip Balm Cherry - 20g,,40,,40,instock,OTHER NATURAL PRODUCTS
1217,publish,beeswax-lip-balm-coconut-lime-20g,Beeswax Lip Balm Coconut-Lime - 20g,,40,,40,instock,OTHER NATURAL PRODUCTS
1312,publish,beeswax-lip-balm-marshmallow-20g,Beeswax Lip Balm Marshmallow 20g,,40,,40,instock,OTHER NATURAL PRODUCTS
1213,publish,beeswax-lip-balm-unfragranced-20g,Beeswax Lip Balm Unfragranced - 20g,,40,,40,instock,OTHER NATURAL PRODUCTS
1215,publish,beeswax-lip-balm-vanilla-20g,Beeswax Lip Balm Vanilla - 20g,,40,,40,instock,OTHER NATURAL PRODUCTS
10398,publish,belly-fat-navel-oil-100ml,Belly Fat Navel Oil - 100ml,,1440,,1440,instock,HEALTH SERUMS; WEIGHT LOSS Products
10396,publish,belly-fat-navel-oil-10ml,Belly Fat Navel Oil - 10ml,,180,,180,instock,HEALTH SERUMS; WEIGHT LOSS Products
7587,publish,black-ointment-100g-natural-drawing-ointment,Black Ointment (Natural Drawing Ointment) - 100g,,250,,250,instock,CHARCOAL Products
7585,publish,black-ointment-50g-natural-drawing-ointment,Black Ointment (Natural Drawing Ointment) - 50g,,160,,160,instock,CHARCOAL Products
13223,publish,black-ointment-natural-drawing-ointment-250g,Black Ointment {Natural Drawing Ointment) - 250g,,540.00,,540.00,instock,CHARCOAL Products
13233,publish,black-ointment-natural-drawing-ointment-500g,Black Ointment {Natural Drawing Ointment) – 500g,,1000,,1000,instock,CHARCOAL Products
11583,publish,black-seed-capsules-600mg-10s,"Black Seed 600mg ""Vegan"" Capsules - 10's",,30,,30,instock,HEALTH &amp; DETOX Products
11586,publish,black-seed-capsules-600mg-120s,"Black Seed 600mg ""Vegan"" Capsules - 120's",,180,,180,instock,HEALTH &amp; DETOX Products
11013,publish,black-seed-oil-100ml,Black Seed Oil - 100ml,,180,,180,instock,HEALTH &amp; DETOX Products
830,publish,boswellia-capsules-10s,"Boswellia Serrata 600mg ""Vegan"" Capsules - 10's",,60,,60,instock,HEALTH &amp; DETOX Products
4994,publish,boswellia-serrata-capsules-360s,"Boswellia Serrata 600mg ""Vegan"" Capsules - 360's",,1400,,1400,instock,HEALTH &amp; DETOX Products
832,publish,boswellia-capsules-60s,"Boswellia Serrata 600mg ""Vegan"" Capsules - 60's",,280,,280,instock,HEALTH &amp; DETOX Products
1187,publish,bulbi-baby-barrier-cream-100g,Bulbi-Baby Barrier Cream - 100g,,180,,180,instock,Bulbi BABY Products
1185,publish,bulbi-baby-barrier-cream-500g,Bulbi-Baby Barrier Cream - 500g,,660,,660,instock,Bulbi BABY Products
1193,publish,bulbi-baby-bulbinella-cream-100g,Bulbi-Baby Bulbinella Cream - 100g,,180,,180,instock,Bulbi BABY Products
1191,publish,bulbi-baby-bulbinella-cream-500g,Bulbi-Baby Bulbinella Cream - 500g,,660,,660,instock,Bulbi BABY Products
12578,publish,bulbi-baby-gentle-skin-cream-500g,Bulbi-Baby Gentle Skin Cream - 500g,,660,,660,instock,Bulbi BABY Products
13389,publish,bulbi-baby-massage-serum-100ml-2,Bulbi-Baby Massage Serum - 100ml,,1440,,1440,instock,Bulbi BABY Products; HEALTH SERUMS
1182,publish,bulbi-baby-massage-serum-10ml,Bulbi-Baby Massage Serum - 10ml,,180,140,140,instock,Bulbi BABY Products; HEALTH SERUMS
1194,publish,baby-bulbi-soap-bar-100g,Bulbi-Baby Soap Bar - 100g,,65,,65,instock,Bulbi BABY Products; OTHER SOAP BARS
6744,publish,bulbi-baby-soap-bar-50g,Bulbi-Baby Soap Bar - 50g,,40,,40,instock,Bulbi BABY Products; OTHER SOAP BARS
1040,publish,bulbinella-coconutoil-facial-bar-100g,Bulbinella Coconut Oil Soap Bar - 100g,,60,,60,instock,OTHER SOAP BARS
13461,publish,bulbinella-coconut-oil-soap-bar-50g,Bulbinella Coconut Oil Soap Bar - 50g,,40,,40,instock,OTHER NATURAL PRODUCTS; OTHER SOAP BARS
814,publish,bulbinella-cream-100g,Bulbinella Cream - 100g,,130,,130,instock,BULBINELLA Products
3722,publish,bulbinella-cream-250g,Bulbinella Cream - 250g,,265,,265,instock,BULBINELLA Products
705,publish,bulbinella-cream,Bulbinella Cream - 500ml,,350,,350,instock,BULBINELLA Products
13124,publish,bulbinella-cream-50g,Bulbinella Cream - 50g,,80,,80,instock,BULBINELLA Products
1229,publish,bulbinella-lip-balm-bubblegum-20g,Bulbinella Lip Balm Bubblegum - 20g,,40,,40,instock,OTHER NATURAL PRODUCTS
1233,publish,bulbinella-lip-balm-cherry-20g,Bulbinella Lip Balm Cherry - 20g,,40,,40,instock,OTHER NATURAL PRODUCTS
1231,publish,bulbinella-lip-balm-marshmallow-20g,Bulbinella Lip Balm Marshmallow - 20g,,40,,40,instock,OTHER NATURAL PRODUCTS
1223,publish,bulbinella-lip-balm-unfragranced-20g,Bulbinella Lip Balm Unfragranced - 20g,,40,,40,instock,OTHER NATURAL PRODUCTS
1225,publish,bulbinella-lip-balm-vanilla-20g,Bulbinella Lip Balm Vanilla - 20g,,40,,40,instock,OTHER NATURAL PRODUCTS
1227,publish,bulbinella-lip-balm-coconut-lime-20g,Bulbinella Lip balm Coconut-Lime - 20g,,40,,40,instock,OTHER NATURAL PRODUCTS
7581,publish,bulbinella-liquid-moisturizer-100ml,Bulbinella Liquid Moisturizer - 100ml,,140,,140,instock,BULBINELLA Products
7583,publish,bulbinella-liquid-moisturizer-500ml-refill,Bulbinella Liquid Moisturizer - 500ml Refill,,430,,430,instock,BULBINELLA Products
14253,trash,combo-a-100g-charcoal-coconut-soap-100g-charcoal-glycerine-soap__trashed,COMBO A: 100g Charcoal Coconut Soap + 100g Charcoal Glycerine Soap,,130.00,100,130.00,instock,CHARCOAL Products; OTHER SOAP BARS
14257,trash,combo-b-50g-bulbinella-cream-50g-spekboom-cura-cream__trashed,COMBO B: 50g Bulbinella Cream + 50g Spekboom Cura Cream,,180.00,120,180.00,instock,BULBINELLA Products; SPEKBOOM Anti-Ageing &amp; Beauty
14258,trash,combo-c-100g-bulbinella-cream-100g-spekboom-cura-cream__trashed,COMBO C: 100g Bulbinella Cream + 100g Spekboom Cura Cream,,310.00,220,310.00,instock,BULBINELLA Products; SPEKBOOM Anti-Ageing &amp; Beauty
13679,publish,cal-bee-toothpaste-300g,Cal-BEE Toothpaste - 300g,,390.00,,390.00,instock,OTHER NATURAL PRODUCTS
1268,publish,cal-bee-toothpaste-50ml,Cal-BEE Toothpaste - 80g,,120,,120,instock,OTHER NATURAL PRODUCTS
4847,publish,can-cure-cream-100g,Can-Cure Cream - 100g,,600,,600,instock,CANNAB!S Skin Care
13150,publish,can-cure-cream-250g,Can-Cure Cream - 250g,,1275,,1275,instock,CANNAB!S Skin Care
4849,publish,can-cure-cream-500g,Can-Cure Cream - 500g,,2400,,2400,instock,CANNAB!S Skin Care
797,publish,can-cure-cream-50g,Can-Cure Cream - 50g,,375,,375,instock,CANNAB!S Skin Care
6597,publish,cann-b-happy-soap-bar-100g,Cann-B Happy Soap Bar - 100g,,150,,150,instock,CANNAB!S Skin Care; OTHER SOAP BARS
6896,publish,cann-b-happy-soap-bar-50g,Cann-B Happy Soap Bar - 50g,,80,,80,instock,CANNAB!S Skin Care; OTHER SOAP BARS
11017,publish,cann-b-jolly-lips-lip-balm,Cann-B Jolly Lips Lip Balm - 20g,,40,,40,instock,CANNAB!S Skin Care; OTHER NATURAL PRODUCTS
7362,publish,puffy-eye-creme-100g,Canna Puffy Eye Crème - 100g,,250,,250,instock,CANNAB!S Skin Care
13142,publish,canna-puffy-eye-creme-250g,Canna Puffy Eye Crème - 250g,,540,,540,instock,CANNAB!S Skin Care
13153,publish,canna-puffy-eye-creme-500g,Canna Puffy Eye Crème - 500g,,1000,,1000,instock,CANNAB!S Skin Care
7360,publish,puffy-eye-creme-50g,Canna Puffy Eye Crème - 50g,,160,,160,instock,CANNAB!S Skin Care
4404,publish,canna-relaxing-scrub-masque-100g,Canna Relaxing Facial Scrub Masque - 100g,,250,,250,instock,CANNAB!S Skin Care
13151,publish,canna-relaxing-scrub-masque-250g,Canna Relaxing Facial Scrub Masque - 250g,,540,,540,instock,CANNAB!S Skin Care
13152,publish,canna-relaxing-facial-scrub-masque-500g,Canna Relaxing Facial Scrub Masque - 500g,,1000,,1000,instock,CANNAB!S Skin Care
4403,publish,canna-relaxing-scrub-masque-50g,Canna Relaxing Facial Scrub Masque - 50g,,160,,160,instock,CANNAB!S Skin Care
796,publish,canna-skin-cancer-serum-100ml,Canna Skin Cancer Serum - 100ml,,1650,,1650,instock,CANNAB!S Skin Care
794,publish,canna-skin-cancer-serum-10ml,Canna Skin Cancer Serum - 10ml,,220,,220,instock,CANNAB!S Skin Care
788,publish,canna-soap-bar-100g,Canna Soap Bar - 100g,,150,,150,instock,CANNAB!S Skin Care; OTHER SOAP BARS
13842,publish,canna-argan-skin-cancer-cream-100g,Canna-Argan Skin Cancer Cream - 100g,,390.00,,390.00,instock,ARGAN OIL Products; CANNAB!S Skin Care
13843,publish,canna-argan-skin-cancer-cream-250g,Canna-Argan Skin Cancer Cream - 250g,,830.00,,830.00,instock,ARGAN OIL Products; CANNAB!S Skin Care
13844,publish,canna-argan-skin-cancer-cream-500ml,Canna-Argan Skin Cancer Cream - 500ml,,1560.00,,1560.00,instock,ARGAN OIL Products; CANNAB!S Skin Care
13829,publish,canna-argan-skin-cancer-cream-50g,Canna-Argan Skin Cancer Cream - 50g,,250.00,,250.00,instock,ARGAN OIL Products; CANNAB!S Skin Care
12062,publish,canna-bee-royale-cancer-cream-100g,Canna-BEE Royale Skin Cancer Cream - 100g,,600,,600,instock,CANNAB!S Skin Care; ROYAL JELLY Products
12485,publish,canna-bee-royale-skin-cancer-cream-250g,Canna-BEE Royale Skin Cancer Cream - 250g,,1275,,1275,instock,CANNAB!S Skin Care; ROYAL JELLY Products
12061,publish,canna-bee-royale-cancer-cream-500ml,Canna-BEE Royale Skin Cancer Cream - 500ml,,2400,,2400,instock,CANNAB!S Skin Care; ROYAL JELLY Products
12063,publish,canna-bee-royale-cancer-cream-50g,Canna-BEE Royale Skin Cancer Cream - 50g,,375,,375,instock,CANNAB!S Skin Care; ROYAL JELLY Products
933,publish,cellulite-serum-100ml,Cellulite Serum - 100ml,,1050,,1050,instock,CELLULITE Products; HEALTH SERUMS
935,publish,cellulite-serum-10ml,Cellulite Serum - 10ml,,140,,140,instock,CELLULITE Products; HEALTH SERUMS
727,publish,charcoal-anti-ageing-detox-masque-100g,Charcoal Anti-Ageing Detox Masque - 100g,,250,,250,instock,CHARCOAL Products
13222,publish,charcoal-anti-ageing-detox-masque-250g,Charcoal Anti-Ageing Detox Masque - 250g,,540.00,,540.00,instock,CHARCOAL Products
728,publish,charcoal-anti-ageing-detox-masque-500g,Charcoal Anti-Ageing Detox Masque - 500g,,1000,,1000,instock,CHARCOAL Products
725,publish,charcoal-anti-ageing-detox-masque-50g,Charcoal Anti-Ageing Detox Masque - 50g,,160,,160,instock,CHARCOAL Products
7564,publish,charcoal-bubble-soap-bar-100g,"Charcoal Coconut ""Bubble"" Soap Bar - 100g",,65,,65,instock,ACNE CONTROL Products; CHARCOAL Products; OTHER SOAP BARS
729,publish,charcoal-soap-bar-100g,"Charcoal Coconut ""round"" Soap Bar - 100g",,65,,65,instock,ACNE CONTROL Products; CHARCOAL Products; OTHER SOAP BARS
5174,publish,charcoal-soap-bar-50g,Charcoal Coconut Soap Bar - 50g,,40,,40,instock,ACNE CONTROL Products; CHARCOAL Products; OTHER SOAP BARS
12051,publish,charcoal-glycerine-soap-bar-100g,Charcoal Glycerine Soap Bar - 100g,,65,,65,instock,ACNE CONTROL Products; CHARCOAL Products; OTHER SOAP BARS
12052,publish,charcoal-glycerine-soap-bar-50g,Charcoal Glycerine Soap Bar - 50g,,40,,40,instock,ACNE CONTROL Products; CHARCOAL Products; OTHER SOAP BARS
11587,publish,chia-seed-capsules-600mg-10s,"Chia Seed 600mg ""Vegan"" Capsules - 10's",,25,,25,instock,HEALTH &amp; DETOX Products; WEIGHT LOSS Products
11590,publish,chia-seed-capsules-600mg-120s,"Chia Seed 600mg ""Vegan"" Capsules - 120's",,160,,160,instock,HEALTH &amp; DETOX Products; WEIGHT LOSS Products
1157,publish,chronic-fatigue-serum-100ml,Chronic Fatigue Serum - 100ml (was R1050),,525,,525,instock,CLEARANCE SALE
1159,publish,chronic-fatigue-serum-10ml,Chronic Fatigue Serum - 10ml (was R140),,70,,70,instock,CLEARANCE SALE
1042,publish,unfragranced-coconut-oil-soap-bar-100g,Coconut Oil Unfragranced Soap Bar - 100g,,50,,50,instock,OTHER SOAP BARS
1284,publish,bee-new-coffee-scrubmasque-100g,Coffee Scrub & Masque - 100g,,250,,250,instock,COFFEE Products
13238,publish,coffee-scrub-masque-250g,Coffee Scrub & Masque - 250g,,540.00,,540.00,instock,COFFEE Products
1281,publish,bee-new-coffee-scrubmasque-500g,Coffee Scrub & Masque - 500g,,1000,,1000,instock,COFFEE Products
1285,publish,bee-new-coffee-scrubmasque-50g,Coffee Scrub & Masque - 50g,,160,,160,instock,COFFEE Products
6756,publish,bee-new-coffee-soap-bar-100g,Coffee Soap Bar - 100g,,65,,65,instock,COFFEE Products; OTHER SOAP BARS
13224,publish,coffee-soap-bar-50g,Coffee Soap Bar - 50g,,40.00,,40.00,instock,COFFEE Products; OTHER SOAP BARS
778,publish,collagen-advanced-eye-creme-15g,Collagen Advanced Anti-Ageing Eye Crème - 15g,,280,,280,instock,COLLAGEN Anti-Ageing
780,publish,collagen-advanced-eye-creme-50g,Collagen Advanced Anti-Ageing Eye Crème - 50g,,780,,780,instock,COLLAGEN Anti-Ageing
787,publish,collagen-anti-ageing-day-night-cream-100g,Collagen Anti-Ageing Day-Night Cream - 100g,,280,,280,instock,COLLAGEN Anti-Ageing
13171,publish,collagen-anti-ageing-day-night-cream-250g,Collagen Anti-Ageing Day-Night Cream - 250g,,600,,600,instock,COLLAGEN Anti-Ageing
10537,publish,collagen-anti-ageing-day-night-cream-500g,Collagen Anti-Ageing Day-Night Cream - 500g,,1125,,1125,instock,COLLAGEN Anti-Ageing
785,publish,collagen-anti-ageing-day-night-cream-50g,Collagen Anti-Ageing Day-Night Cream - 50g,,180,,180,instock,COLLAGEN Anti-Ageing
784,publish,collagen-anti-ageing-filler-100g,Collagen Anti-Ageing Filler - 100g,,280,,280,instock,COLLAGEN Anti-Ageing
13172,publish,collagen-anti-ageing-filler-250g,Collagen Anti-Ageing Filler - 250g,,600,,600,instock,COLLAGEN Anti-Ageing
10539,publish,collagen-anti-ageing-filler-500g,Collagen Anti-Ageing Filler - 500g,,1125,,1125,instock,COLLAGEN Anti-Ageing
781,publish,collagen-anti-ageing-filler-50g,Collagen Anti-Ageing Filler - 50g,,180,,180,instock,COLLAGEN Anti-Ageing
777,publish,collagen-anti-ageing-serum-100ml,Collagen Anti-Ageing Serum - 100ml,,1850,,1850,instock,COLLAGEN Anti-Ageing
775,publish,collagen-anti-ageing-serum-10ml,Collagen Anti-Ageing Serum - 10ml,,250,180,250,instock,COLLAGEN Anti-Ageing
773,publish,collagen-anti-ageing-soap-bar-100g,Collagen Anti-Ageing Soap Bar - 100g,,65,,65,instock,COLLAGEN Anti-Ageing; OTHER SOAP BARS
6746,publish,collagen-anti-ageing-soap-bar-50g,Collagen Anti-Ageing Soap Bar - 50g,,40,,40,instock,COLLAGEN Anti-Ageing; OTHER SOAP BARS
771,publish,collagen-anti-ageing-supplement-100ml,Collagen Anti-Ageing Supplement - 100ml,,400,,400,instock,COLLAGEN Anti-Ageing
848,publish,cortisol-reducing-bath-oil-100ml,Cortisol Reducing Bath Oil - 100ml,,320,,320,instock,CORTISOL REDUCING (C.R.) Products
6687,publish,cortisol-reducing-body-balm-100g,Cortisol Reducing Body Balm - 100g,,280,,280,instock,CORTISOL REDUCING (C.R.) Products
13555,publish,cortisol-reducing-body-balm-250g,Cortisol Reducing Body Balm - 250g,,600,,600,instock,CORTISOL REDUCING (C.R.) Products
6685,publish,cortisol-reducing-body-balm-500g,Cortisol Reducing Body Balm - 500g,,1125,,1125,instock,CORTISOL REDUCING (C.R.) Products
6689,publish,cortisol-reducing-body-balm-50g,Cortisol Reducing Body Balm - 50g,,180,,180,instock,CORTISOL REDUCING (C.R.) Products
3559,publish,cortisol-reducing-serum-100ml,Cortisol Reducing Serum - 100ml,,1650,,1650,instock,CORTISOL REDUCING (C.R.) Products; HEALTH SERUMS
850,publish,cortisol-reducing-serum-10ml,Cortisol Reducing Serum - 10ml,,220,,220,instock,CORTISOL REDUCING (C.R.) Products; HEALTH SERUMS
846,publish,cortisol-reducing-soap-bar-100g,Cortisol Reducing Soap Bar - 100g,,65,,65,instock,CORTISOL REDUCING (C.R.) Products; OTHER SOAP BARS
13459,publish,cortisol-reducing-soap-bar-50g,Cortisol Reducing Soap Bar - 50g,,40,,40,instock,CORTISOL REDUCING (C.R.) Products; OTHER SOAP BARS
12064,publish,cuticle-nail-growth-oil-100ml,Cuticle & Nail Growth Oil - 100ml,,1050,,1050,instock,HEALTH SERUMS; OTHER NATURAL PRODUCTS
1262,publish,cuticle-nail-growth-oil-10ml,Cuticle & Nail Growth Oil - 10ml,,140,,140,instock,HEALTH SERUMS; OTHER NATURAL PRODUCTS
1805,publish,dmso-pain-blocker-100ml,DMSO Pain Blocker - 100ml,,1440,,1440,instock,HEALTH SERUMS
1807,publish,dmso-pain-blocker-10ml,DMSO Pain Blocker - 10ml,,180,,180,instock,HEALTH SERUMS
13466,publish,dmso-soap-bar-100g,DMSO Soap Bar - 100g,,65.00,,65.00,instock,OTHER NATURAL PRODUCTS; OTHER SOAP BARS
13465,publish,dmso-soap-bar-50g,DMSO Soap Bar - 50g,,40.00,,40.00,instock,OTHER NATURAL PRODUCTS; OTHER SOAP BARS
5716,publish,dmso-bulbinella-cream-100g,DMSO-Bulbinella Cream - 100g,,190,,190,instock,BULBINELLA Products
13126,publish,dmso-bulbinella-cream-250g,DMSO-Bulbinella Cream - 250g,,390,,390,instock,BULBINELLA Products
5712,publish,dmso-bulbinella-cream-500g,DMSO-Bulbinella Cream - 500ml,,520,,520,instock,BULBINELLA Products
5717,publish,dmso-bulbinella-cream-50g,DMSO-Bulbinella Cream - 50g,,110,,110,instock,BULBINELLA Products
944,publish,diatomaceous-earth-food-grade-capsules-120s,"Diatomaceous Earth Food Grade 600mg ""Vegan"" Capsules - 120's",,180,,180,instock,HEALTH &amp; DETOX Products
945,publish,diatomaceous-earth-food-grade-capsules-20s,"Diatomaceous Earth Food Grade 600mg ""Vegan"" Capsules - 20's",,35,,35,instock,HEALTH &amp; DETOX Products
942,publish,diatomaceous-earth-food-grade-capsules-720s,"Diatomaceous Earth Food Grade 600mg ""Vegan"" Capsules - 720's",,850,,850,instock,HEALTH &amp; DETOX Products
10417,publish,diatomaceous-earth-food-grade-loose-powder-250g,Diatomaceous Earth Food Grade Loose Powder - 250g,,180,,180,instock,HEALTH &amp; DETOX Products
949,publish,diatomaceous-earth-food-grade-loose-powder-50g,Diatomaceous Earth Food Grade Loose Powder - 50g,,50,,50,instock,HEALTH &amp; DETOX Products
947,publish,diatomaceous-earth-food-grade-powder-shaker-80g,Diatomaceous Earth Food Grade Powder Shaker - 80g,,80,,80,instock,HEALTH &amp; DETOX Products
6719,publish,door-of-hope-serum-100ml,Door Of Hope Serum - 100ml (was R1050),,525,,525,instock,CLEARANCE SALE
6717,publish,door-of-hope-serum-10ml,Door Of Hope Serum - 10ml (was R140),,70,,70,instock,CLEARANCE SALE
1156,publish,eczema-serum-100ml,Eczema Serum - 100ml,,1050,,1050,instock,HEALTH SERUMS
1154,publish,eczema-serum-10ml,Eczema Serum - 10ml,,140,,140,instock,HEALTH SERUMS
1096,publish,eczema-soap-bar-100g,Eczema Soap Bar - 100g,,65,,65,instock,OTHER SOAP BARS
11573,publish,empty-no-00-vegan-gelatin-capsules-1000s,"Empty No. 00 Vegan Gelatin Capsules - 1,000's",,700,,700,instock,OTHER NATURAL PRODUCTS
11571,publish,empty-no-00-vegan-gelatin-capsules-100s,Empty No. 00 Vegan Gelatin Capsules - 100's,,100,,100,instock,OTHER NATURAL PRODUCTS
1196,publish,anti-ageing-essential-bath-oil-100ml,Essential Anti-Ageing Bath Oil - 100ml,,320,,320,instock,MYRRH Anti-Ageing; OTHER NATURAL PRODUCTS
1151,publish,fibromyalgia-serum-100ml,Fibromyalgia Serum - 100ml,,1440,,1440,instock,HEALTH SERUMS
1153,publish,fibromyalgia-serum-10ml,Fibromyalgia Serum - 10ml,,180,,180,instock,HEALTH SERUMS
1033,publish,glycerine-coconut-soap-bar-fenjal-100g,Glycerine-Coconut Soap Bar Fenjal - 100g,,65,,65,instock,OTHER SOAP BARS
1034,publish,glycerine-coconut-soap-bar-ocean-100g,Glycerine-Coconut Soap Bar Ocean - 100g,,65,,65,instock,OTHER SOAP BARS
1038,publish,glycerine-coconut-soap-bar-unfragranced-100g,Glycerine-Coconut Soap Bar Unfragranced - 100g,,65,,65,instock,OTHER SOAP BARS
1150,publish,hair-growth-serum-100ml,Hair Growth Serum - 100ml,,1440,,1440,instock,HEALTH SERUMS
1148,publish,hair-growth-serum-10ml,Hair Growth Serum - 10ml,,180,,180,instock,HEALTH SERUMS
1092,publish,hair-growth-soap-bar-100g,Hair Growth Soap Bar - 100g,,65,,65,instock,OTHER SOAP BARS
13467,publish,hair-growth-soap-bar-50g,Hair Growth Soap Bar - 50g,,40.00,,40.00,instock,OTHER NATURAL PRODUCTS; OTHER SOAP BARS
6723,publish,happy-hormone-serum-100ml,Happy Hormone Serum - 100ml,,1440,,1440,instock,HEALTH SERUMS
6721,publish,happy-hormone-serum-10ml,Happy Hormone Serum - 10ml,,180,,180,instock,HEALTH SERUMS
1241,publish,head-lice-soap-bar-100g,Head Lice Soap Bar - 100g,,65,,65,instock,OTHER NATURAL PRODUCTS; OTHER SOAP BARS
6727,publish,hearing-loss-serum-100ml,Hearing Loss Serum - 100ml,,1050,,1050,instock,HEALTH SERUMS
6725,publish,hearing-loss-serum-10ml,Hearing Loss Serum - 10ml,,140,,140,instock,HEALTH SERUMS
6818,publish,heart-burn-drops-the-alternative-100ml,Heartburn Drops - 100ml,,1440,,1440,instock,HEALTH &amp; DETOX Products; HEALTH SERUMS; OTHER NATURAL PRODUCTS
6820,publish,heartburn-drops-the-alternative-10ml,Heartburn Drops - 10ml,,180,,180,instock,HEALTH &amp; DETOX Products; HEALTH SERUMS; OTHER NATURAL PRODUCTS
801,publish,herbal-skin-cancer-cream-100g,Herbal Skin Cancer Cream - 100g,,250,,250,instock,CANNAB!S Skin Care
13149,publish,herbal-skin-cancer-cream-250g,Herbal Skin Cancer Cream - 250g,,540,,540,instock,CANNAB!S Skin Care
802,publish,herbal-skin-cancer-cream-500g,Herbal Skin Cancer Cream - 500ml,,1000,,1000,instock,CANNAB!S Skin Care
799,publish,herbal-skin-cancer-cream-50g,Herbal Skin Cancer Cream - 50g,,160,,160,instock,CANNAB!S Skin Care
12576,publish,hibiscus-coconut-soap-bar-100g-2,Hibiscus Coconut Soap Bar - 100g,,65,,65,instock,OTHER SOAP BARS
12577,publish,hibiscus-coconut-soap-bar-50g-2,Hibiscus Coconut Soap Bar - 50g,,40,,40,instock,OTHER SOAP BARS
5869,publish,honey-bee-anti-ageing-day-night-cream-100g,Honey-BEE Anti-Ageing Day-Night Cream - 100g,,250,,250,instock,Honey-BEE Anti-Ageing
13132,publish,honey-bee-anti-ageing-day-night-cream-250g,Honey-BEE Anti-Ageing Day-Night Cream - 250g,,540.00,,540.00,instock,Honey-BEE Anti-Ageing
5867,publish,honey-bee-anti-ageing-day-night-cream-500g,Honey-BEE Anti-Ageing Day-Night Cream - 500g,,1000,,1000,instock,Honey-BEE Anti-Ageing
5872,publish,honey-bee-anti-ageing-day-night-cream-50g,Honey-BEE Anti-Ageing Day-Night Cream - 50g,,160,,160,instock,Honey-BEE Anti-Ageing
6769,publish,honey-bee-anti-ageing-soap-bar-100g,Honey-BEE Anti-Ageing Soap Bar - 100g,,65,,65,instock,Honey-BEE Anti-Ageing; OTHER SOAP BARS
6771,publish,honey-bee-anti-ageing-soap-bar-50g,Honey-BEE Anti-Ageing Soap Bar - 50g,,40,,40,instock,Honey-BEE Anti-Ageing; OTHER SOAP BARS
867,publish,hoodia-gordonii-vegan-capsules-1200s,"Hoodia Gordonii 600mg ""Vegan"" Capsules - 1200's",,1600,,1600,instock,WEIGHT LOSS Products
869,publish,hoodia-gordonii-vegan-capsules-180s,"Hoodia Gordonii 600mg ""Vegan"" Capsules - 180's",,360,,360,instock,WEIGHT LOSS Products
4230,publish,hoodia-gordonii-vegan-capsules-30s,"Hoodia Gordonii 600mg ""Vegan"" Capsules - 30's",,75,,75,instock,WEIGHT LOSS Products
871,publish,hoodia-gordonii-powder-100ml,Hoodia Gordonii Powder - 100ml,,220,,220,instock,WEIGHT LOSS Products
1145,publish,insomnia-serum-100ml,Insomnia Serum - 100ml,,1050,,1050,instock,HEALTH SERUMS
1147,publish,insomnia-serum-10ml,Insomnia Serum - 10ml,,140,,140,instock,HEALTH SERUMS
1090,publish,insomnia-soap-bar-100g,Insomnia Soap Bar - 100g,,65,,65,instock,OTHER NATURAL PRODUCTS; OTHER SOAP BARS
5698,publish,jasmine-absolute-anti-ageing-cleansing-milk-100ml,Jasmine Absolute Anti-Ageing Cleansing Milk - 100ml,,220,,220,instock,ABSOLUTE Anti-Ageing
5699,publish,jasmine-absolute-anti-ageing-cleansing-milk-500ml-refill,Jasmine Absolute Anti-Ageing Cleansing Milk - 500ml Refill,,825,,825,instock,ABSOLUTE Anti-Ageing
13208,publish,jasmine-absolute-anti-ageing-day-night-cream-100g,Jasmine Absolute Anti-Ageing Day-Night Cream - 100g,,800.00,,800.00,instock,ABSOLUTE Anti-Ageing
748,publish,jasmine-absolute-anti-ageing-day-night-cream-15g,Jasmine Absolute Anti-Ageing Day-Night Cream - 15g,,200.00,,200.00,instock,ABSOLUTE Anti-Ageing
13207,trash,jasmine-absolute-anti-ageing-day-night-cream-250g__trashed,Jasmine Absolute Anti-Ageing Day-Night Cream - 250g,,1550,,1550,instock,ABSOLUTE Anti-Ageing
751,publish,jasmine-absolute-anti-ageing-day-night-cream-50g,Jasmine Absolute Anti-Ageing Day-Night Cream - 50g,,460,,460,instock,ABSOLUTE Anti-Ageing
13210,publish,jasmine-absolute-anti-ageing-serum-100ml,Jasmine Absolute Anti-Ageing Serum - 100ml,,5700,,5700,instock,ABSOLUTE Anti-Ageing
753,publish,jasmine-absolute-anti-ageing-serum-10ml,Jasmine Absolute Anti-Ageing Serum - 10ml,,750,,750,instock,ABSOLUTE Anti-Ageing
11020,publish,jasmine-absolute-anti-ageing-skin-toner-100ml,Jasmine Absolute Anti-Ageing Skin Toner - 100ml,,220,,220,instock,ABSOLUTE Anti-Ageing
755,publish,jasmine-absolute-anti-ageing-soap-bar-100g,Jasmine Absolute Anti-Ageing Soap Bar - 100g,,180,,180,instock,ABSOLUTE Anti-Ageing; OTHER SOAP BARS
13212,publish,jasmine-absolute-anti-ageing-soap-bar-50g,Jasmine Absolute Anti-Ageing Soap Bar - 50g,,100,,100,instock,ABSOLUTE Anti-Ageing; OTHER SOAP BARS
12065,publish,lav-ish-lash-serum-100ml,LAV-ish Lash Serum - 100ml,,1050,,1050,instock,HEALTH SERUMS; OTHER NATURAL PRODUCTS
1260,publish,lav-ish-lash-serum-10ml,LAV-ish Lash Serum - 10ml,,140,,140,instock,HEALTH SERUMS; OTHER NATURAL PRODUCTS
13846,publish,lavender-argan-anti-ageing-day-night-cream-100g,Lavender-Argan Anti-Ageing Day-Night Cream - 100g,,280.00,,280.00,instock,ARGAN OIL Products
13847,publish,lavender-argan-anti-ageing-day-night-cream-250g,Lavender-Argan Anti-Ageing Day-Night Cream - 250g,,600.00,,600.00,instock,ARGAN OIL Products
13848,publish,lavender-argan-anti-ageing-day-night-cream-500ml,Lavender-Argan Anti-Ageing Day-Night Cream - 500ml,,1125.00,,1125.00,instock,ARGAN OIL Products
13845,publish,lavender-argan-anti-ageing-day-night-cream-50g,Lavender-Argan Anti-Ageing Day-Night Cream - 50g,,180.00,,180.00,instock,ARGAN OIL Products
11351,publish,lions-mane-dual-extract-capsules-600mg-10s,"Lion's Mane Dual Extract 600mg ""Vegan"" Capsules 10's",,65.00,,65.00,instock,HEALTH &amp; DETOX Products
11350,publish,lions-mane-dual-extract-capsules-600mg-30s,"Lion's Mane Dual Extract 600mg ""Vegan"" Capsules 30's",,180.00,,180.00,instock,HEALTH &amp; DETOX Products
11349,publish,lions-mane-dual-extract-capsules-600mg-60s,"Lion's Mane Dual Extract 600mg ""Vegan"" Capsules 60's",,300.00,,300.00,instock,HEALTH &amp; DETOX Products
5704,publish,lotus-anti-ageing-cleansing-milk-100ml,Lotus Anti-Ageing Cleansing Milk - 100ml,,110,,110,instock,LOTUS Anti-Ageing
5707,publish,lotus-anti-ageing-cleansing-milk-500ml-refill,Lotus Anti-Ageing Cleansing Milk - 500ml Refill,,400,,400,instock,LOTUS Anti-Ageing
893,publish,lotus-anti-ageing-day-night-cream-100g,Lotus Anti-Ageing Day-Night Cream - 100g,,250,,250,instock,LOTUS Anti-Ageing
13273,publish,lotus-anti-ageing-day-night-cream-250g,Lotus Anti-Ageing Day-Night Cream - 250g,,540.00,,540.00,instock,LOTUS Anti-Ageing
890,publish,lotus-anti-ageing-day-cream-500g,Lotus Anti-Ageing Day-Night Cream - 500g,,1000,,1000,instock,LOTUS Anti-Ageing
894,publish,lotus-anti-ageing-day-night-cream-50g,Lotus Anti-Ageing Day-Night Cream - 50g,,160,,160,instock,LOTUS Anti-Ageing
900,publish,lotus-anti-ageing-serum-100ml,Lotus Anti-Ageing Serum - 100ml,,1850,,1850,instock,LOTUS Anti-Ageing
902,publish,lotus-anti-ageing-serum-10ml,Lotus Anti-Ageing Serum - 10ml,,250,180,250,instock,LOTUS Anti-Ageing
903,publish,lotus-anti-ageing-skin-toner-100ml,Lotus Anti-Ageing Skin Toner - 100ml,,110,80,110,instock,LOTUS Anti-Ageing
1330,publish,lotus-anti-ageing-soap-bar-100g,Lotus Anti-Ageing Soap Bar - 100g,,65,,65,instock,LOTUS Anti-Ageing; OTHER SOAP BARS
13290,publish,lotus-anti-ageing-soap-bar-50g,Lotus Anti-Ageing Soap Bar - 50g,,40.00,,40.00,instock,LOTUS Anti-Ageing; OTHER SOAP BARS
899,publish,lotus-non-chemical-peel-100g,Lotus NON-Chemical Peel - 100g,,250,,250,instock,LOTUS Anti-Ageing
13279,publish,lotus-non-chemical-peel-250g,Lotus NON-Chemical Peel - 250g,,540.00,,540.00,instock,LOTUS Anti-Ageing
898,publish,lotus-non-chemical-peel-500g,Lotus NON-Chemical Peel - 500g,,1000,,1000,instock,LOTUS Anti-Ageing
896,publish,lotus-non-chemical-peel-50g,Lotus NON-Chemical Peel - 50g,,160,,160,instock,LOTUS Anti-Ageing
1144,publish,lymph-drainage-serum-100ml,Lymph Drainage Serum - 100ml,,1440,,1440,instock,HEALTH SERUMS
1142,publish,lymph-drainage-serum-10ml,Lymph Drainage Serum - 10ml,,180,,180,instock,HEALTH SERUMS
843,publish,mud-masque-100ml,MUD Masque - 100ml,,60,,60,instock,HEALTH &amp; DETOX Products
845,publish,mud-masque-500ml,MUD Masque - 500ml,,240,,240,instock,HEALTH &amp; DETOX Products
833,publish,mastic-gum-capsules-10s,"Mastic Gum 600mg ""Vegan"" Capsules - 10's",,140,,140,instock,HEALTH &amp; DETOX Products; MASTIC GUM Products
4997,publish,mastic-gum-600mg-capsules-360s,"Mastic Gum 600mg ""Vegan"" Capsules - 360's",,3475,,3475,instock,HEALTH &amp; DETOX Products; MASTIC GUM Products
836,publish,mastic-gum-capsules-60s,"Mastic Gum 600mg ""Vegan"" Capsules - 60's",,695,550,550,instock,HEALTH &amp; DETOX Products; MASTIC GUM Products
13965,publish,new-mastic-gum-products-coming-soon-watch-this-space-4,Mastic Gum Antiperspirant - 100g,,390.00,,390.00,instock,MASTIC GUM Products; NEW Products
14129,trash,mastic-gum-antiperspirant-250g__trashed,Mastic Gum Antiperspirant - 250g,,830.00,,830.00,instock,MASTIC GUM Products; NEW Products
14130,trash,mastic-gum-antiperspirant-500g__trashed,Mastic Gum Antiperspirant - 500g,,1560.00,,1560.00,instock,MASTIC GUM Products; NEW Products
13964,publish,new-mastic-gum-products-coming-soon-watch-this-space-3,Mastic Gum Antiperspirant - 50g,,250.00,,250.00,instock,MASTIC GUM Products; NEW Products
11582,publish,mastic-gum-oil-100ml,Mastic Gum Oil - 100ml,,1650,,1650,instock,HEALTH &amp; DETOX Products; HEALTH SERUMS; MASTIC GUM Products
11579,publish,mastic-gum-oil-10ml,Mastic Gum Oil - 10ml,,220,140,140,instock,HEALTH &amp; DETOX Products; HEALTH SERUMS; MASTIC GUM Products
14136,publish,mastic-gum-skin-cream-100g,Mastic Gum Skin Cream - 100g,,390.00,250,390.00,instock,MASTIC GUM Products; NEW Products
14137,publish,mastic-gum-skin-cream-250g,Mastic Gum Skin Cream - 250g,,830.00,,830.00,instock,MASTIC GUM Products; NEW Products
14138,publish,mastic-gum-skin-cream-500ml,Mastic Gum Skin Cream - 500ml,,1560.00,,1560.00,instock,MASTIC GUM Products; NEW Products
14135,publish,mastic-gum-skin-cream-50g,Mastic Gum Skin Cream - 50g,,250.00,160,250.00,instock,MASTIC GUM Products; NEW Products
13961,publish,new-mastic-gum-products-coming-soon-watch-this-space,Mastic Gum Soap Bar - 100g,,150.00,,150.00,instock,MASTIC GUM Products; NEW Products; OTHER SOAP BARS
13963,publish,new-mastic-gum-products-coming-soon-watch-this-space-2,Mastic Gum Soap Bar - 50g,,80.00,,80.00,instock,MASTIC GUM Products; NEW Products; OTHER SOAP BARS
14132,publish,mastic-gum-toothpaste-100g,Mastic Gum Toothpaste - 100g,,390.00,,390.00,instock,MASTIC GUM Products; NEW Products
14133,trash,mastic-gum-toothpaste-250g__trashed,Mastic Gum Toothpaste - 250g,,830.00,,830.00,instock,MASTIC GUM Products; NEW Products
14134,trash,mastic-gum-toothpaste-500g__trashed,Mastic Gum Toothpaste - 500g,,1560.00,,1560.00,instock,MASTIC GUM Products; NEW Products
14131,publish,mastic-gum-toothpaste-50g,Mastic Gum Toothpaste - 50g,,250.00,,250.00,instock,MASTIC GUM Products; NEW Products
1205,publish,menopause-serum-100ml,Menopause Serum - 100ml,,1650,,1650,instock,HEALTH SERUMS; OTHER NATURAL PRODUCTS
1203,publish,menopause-serum-10ml,Menopause Serum - 10ml,,220,,220,instock,HEALTH SERUMS; OTHER NATURAL PRODUCTS
1086,publish,menopause-soap-bar-100g,Menopause Soap Bar - 100g,,65,,65,instock,OTHER NATURAL PRODUCTS; OTHER SOAP BARS
1139,publish,mood-swings-serums-100ml,Mood Swings Serums - 100ml (was R1050),,525,,525,instock,CLEARANCE SALE
1141,publish,mood-swings-serums-10ml,Mood Swings Serums - 10ml (was R140),,70,,70,instock,CLEARANCE SALE
915,publish,myrrh-anti-ageing-healing-serum-100ml,Myrrh Anti-Ageing & Healing Serum - 100ml,,1850,,1850,instock,MYRRH Anti-Ageing
917,publish,myrrh-anti-ageing-healing-serum-10ml,Myrrh Anti-Ageing & Healing Serum - 10ml,,250,180,250,instock,MYRRH Anti-Ageing
5708,publish,myrrh-anti-ageing-cleansing-milk-100ml,Myrrh Anti-Ageing Cleansing Milk - 100ml,,110,,110,instock,MYRRH Anti-Ageing
5711,publish,myrrh-anti-ageing-cleansing-milk-500ml-refill,Myrrh Anti-Ageing Cleansing Milk - 500ml Refill,,400,,400,instock,MYRRH Anti-Ageing
914,publish,myrrh-anti-ageing-day-cream-100g,Myrrh Anti-Ageing Day Cream - 100g,,250,,250,instock,MYRRH Anti-Ageing
13241,publish,myrrh-anti-ageing-day-cream-250g,Myrrh Anti-Ageing Day Cream - 250g,,540.00,,540.00,instock,MYRRH Anti-Ageing
912,publish,myrrh-anti-ageing-day-cream-500g,Myrrh Anti-Ageing Day Cream - 500g,,1000,,1000,instock,MYRRH Anti-Ageing
5471,publish,myrrh-anti-ageing-day-cream-50g,Myrrh Anti-Ageing Day Cream - 50g,,160,,160,instock,MYRRH Anti-Ageing
911,publish,myrrh-anti-ageing-night-cream-100g,Myrrh Anti-Ageing Night Cream - 100g,,250,,250,instock,MYRRH Anti-Ageing
13254,publish,myrrh-anti-ageing-night-cream-250g,Myrrh Anti-Ageing Night Cream - 250g,,540.00,,540.00,instock,MYRRH Anti-Ageing
909,publish,myrrh-anti-ageing-night-cream-500g,Myrrh Anti-Ageing Night Cream - 500g,,1000,,1000,instock,MYRRH Anti-Ageing
5469,publish,myrrh-anti-ageing-night-cream-50g,Myrrh Anti-Ageing Night Cream - 50g,,160,,160,instock,MYRRH Anti-Ageing
921,publish,myrrh-anti-ageing-skin-toner-100ml,Myrrh Anti-Ageing Skin Toner - 100ml,,110,80,110,instock,MYRRH Anti-Ageing
925,publish,myrrh-anti-ageing-soap-bar-100g,Myrrh Anti-Ageing Soap Bar - 100g,,65,,65,instock,MYRRH Anti-Ageing; OTHER SOAP BARS
13264,publish,myrrh-anti-ageing-soap-bar-50g-2,Myrrh Anti-Ageing Soap Bar - 50g,,40.00,,40.00,instock,MYRRH Anti-Ageing; OTHER SOAP BARS
821,publish,myrrh-bee-flawless-plooiloos-100g,Myrrh BEE-Flawless #plooiloos - 100g,,280,,280,instock,BEE-Flawless #plooiloos; MYRRH Anti-Ageing
13263,publish,myrrh-myrrh-bee-flawless-plooiloos-250g,Myrrh BEE-Flawless #plooiloos - 250g,,600,,600,instock,BEE-Flawless #plooiloos; MYRRH Anti-Ageing
822,publish,myrrh-bee-flawless-plooiloos-500g,Myrrh BEE-Flawless #plooiloos - 500g,,1125,,1125,instock,BEE-Flawless #plooiloos; MYRRH Anti-Ageing
819,publish,myrrh-bee-flawless-plooiloos-50g,Myrrh BEE-Flawless #plooiloos - 50g,,180.00,,180.00,instock,BEE-Flawless #plooiloos; MYRRH Anti-Ageing
6825,publish,myrrh-incense-oil-anointing-oil-100ml,Myrrh Incense Oil [Anointing Oil] - 100ml,,1440,,1440,instock,HEALTH SERUMS; OTHER NATURAL PRODUCTS
1208,publish,myrrh-incense-oil-10ml,Myrrh Incense Oil [Anointing Oil] - 10ml,,180,140,140,instock,HEALTH SERUMS; OTHER NATURAL PRODUCTS
838,publish,myrrh-resin-detox-vegan-capsules-10s,"Myrrh Resin Detox 600mg ""Vegan"" Capsules - 10's",,60,,60,instock,HEALTH &amp; DETOX Products; WEIGHT LOSS Products
841,publish,myrrh-resin-detox-vegan-capsules-360s,"Myrrh Resin Detox 600mg ""Vegan"" Capsules - 360's",,1400,,1400,instock,HEALTH &amp; DETOX Products; WEIGHT LOSS Products
840,publish,myrrh-resin-detox-vegan-capsules-60s,"Myrrh Resin Detox 600mg ""Vegan"" Capsules - 60's",,280,,280,instock,HEALTH &amp; DETOX Products; WEIGHT LOSS Products
5457,publish,natural-cleansing-milk-100ml,Natural Cleansing Milk - 100ml,,110,,110,instock,OTHER NATURAL PRODUCTS
5459,publish,natural-cleansing-milk-500ml,Natural Cleansing Milk - 500ml refill,,400,,400,instock,OTHER NATURAL PRODUCTS
13428,publish,natural-makeup-remover-10ml-was-r140,Natural Makeup Remover - 10ml (was R140),,70,,70,instock,CLEARANCE SALE
1255,publish,natural-skin-toner-100ml,Natural Skin Toner - 100ml,,110,80,110,instock,OTHER NATURAL PRODUCTS
1257,publish,100-natural-tissue-oil-100ml,Natural Tissue Serum - 100ml (100% Natural),,900,,900,instock,OTHER NATURAL PRODUCTS
1259,publish,100-natural-tissue-oil-10ml,Natural Tissue Serum - 10ml (100% Natural),,140,,140,instock,OTHER NATURAL PRODUCTS
1426,publish,nella-bee-cura-cream-100g,Nella-BEE Cura Cream - 100g,,250,,250,instock,BULBINELLA Products
13122,publish,nella-bee-cura-cream-250g,Nella-BEE Cura Cream - 250g,,540.00,,540.00,instock,BULBINELLA Products
1424,publish,nella-bee-cura-cream-50g,Nella-BEE Cura Cream - 50g,,160,,160,instock,BULBINELLA Products
13353,publish,nella-bee-cura-cream-500g,Nella-BEE Cura Cream – 500g,,1000.00,,1000.00,instock,BULBINELLA Products
5700,publish,neroli-anti-ageing-cleansing-milk-100ml,Neroli Anti-Ageing Cleansing Milk - 100ml,,110,,110,instock,NEROLI Anti-Ageing
5703,publish,neroli-anti-ageing-cleansing-milk-500ml-refill,Neroli Anti-Ageing Cleansing Milk - 500ml Refill,,400,,400,instock,NEROLI Anti-Ageing
880,publish,neroli-anti-ageing-serum-100ml,Neroli Anti-Ageing Serum - 100ml,,1850,,1850,instock,NEROLI Anti-Ageing
882,publish,neroli-anti-ageing-serum-10ml,Neroli Anti-Ageing Serum - 10ml,,250,180,250,instock,NEROLI Anti-Ageing
884,publish,neroli-anti-ageing-skin-toner-100ml,Neroli Anti-Ageing Skin Toner - 100ml,,110,80,110,instock,NEROLI Anti-Ageing
888,publish,neroli-anti-ageing-soap-bar-100g,Neroli Anti-Ageing Soap Bar - 100g,,65,,65,instock,NEROLI Anti-Ageing; OTHER SOAP BARS
6751,publish,neroli-anti-ageing-soap-bar-50g,Neroli Anti-Ageing Soap Bar - 50g,,40,,40,instock,NEROLI Anti-Ageing; OTHER SOAP BARS
873,publish,neroli-heel-balm-100g,Neroli Heel Balm - 100g,,250,,250,instock,NEROLI Anti-Ageing
13281,publish,neroli-heel-balm-250g,Neroli Heel Balm - 250g,,540.00,,540.00,instock,NEROLI Anti-Ageing
875,publish,neroli-heel-balm-500g,Neroli Heel Balm - 500g,,1000,,1000,instock,NEROLI Anti-Ageing
876,publish,neroli-heel-balm-50g,Neroli Heel Balm - 50g,,160,,160,instock,NEROLI Anti-Ageing
877,publish,neroli-anti-ageing-winter-day-night-cream-100g,Neroli Winter Anti-Ageing Day-Night Cream - 100g,,280,,280,instock,NEROLI Anti-Ageing
13275,publish,neroli-winter-anti-ageing-day-night-cream-250g,Neroli Winter Anti-Ageing Day-Night Cream - 250g,,600.00,,600.00,instock,NEROLI Anti-Ageing
13313,publish,neroli-winter-anti-ageing-day-night-cream-500g,Neroli Winter Anti-Ageing Day-Night Cream - 500g,,1125,,1125,instock,NEROLI Anti-Ageing
879,publish,neroli-anti-ageing-winter-day-night-cream-50g,Neroli Winter Anti-Ageing Day-Night Cream - 50g,,180,,180,instock,NEROLI Anti-Ageing
13680,publish,no-no-cream-250g,No-No Cream - 250g,,390.00,,390.00,instock,OTHER NATURAL PRODUCTS
6806,publish,no-no-cream-for-piles-haemorrhoids-100g,No-No Cream [for Piles / Haemorrhoids] - 100g,,190,,190,instock,OTHER NATURAL PRODUCTS
6809,publish,no-no-cream-for-piles-haemorrhoids-500g,No-No Cream [for Piles / Haemorrhoids] - 500g,,700,,700,instock,OTHER NATURAL PRODUCTS
1271,publish,no-no-cream-50ml,No-No Cream [for Piles / Haemorrhoids] - 50g,,110,,110,instock,OTHER NATURAL PRODUCTS
6804,publish,no-sweat-cream-100g,No-Sweat - 100g,,160,,160,instock,OTHER NATURAL PRODUCTS
13681,publish,no-sweat-250g,No-Sweat - 250g,,330.00,,330.00,instock,OTHER NATURAL PRODUCTS
6805,publish,no-sweat-cream-500g,No-Sweat - 500g,,610,,610,instock,OTHER NATURAL PRODUCTS
1269,publish,no-sweat-cream-50ml,No-Sweat - 50g,,90,,90,instock,OTHER NATURAL PRODUCTS
1421,publish,bee-size-less-100g,Ocotea Firming Cream - 100g,,280,,280,instock,CELLULITE Products; WEIGHT LOSS Products
13723,publish,ocotea-firming-cream-250g,Ocotea Firming Cream - 250g,,600.00,,600.00,instock,CELLULITE Products; WEIGHT LOSS Products
1423,publish,bee-size-less-500g,Ocotea Firming Cream - 500g,,1125,,1125,instock,CELLULITE Products; WEIGHT LOSS Products
2622,publish,bee-size-less-50g,Ocotea Firming Cream - 50g,,180,,180,instock,CELLULITE Products; WEIGHT LOSS Products
855,publish,ocotea-myrrh-ical-slimming-vegan-capsules-10s,"Ocotea Myrrh-ical Slimming ""Vegan"" Capsules - 10's",,110,,110,instock,WEIGHT LOSS Products
858,publish,ocotea-myrrh-ical-slimming-vegan-capsules-60s,"Ocotea Myrrh-ical Slimming ""Vegan"" Capsules - 60's",,550,,550,instock,WEIGHT LOSS Products
10407,publish,ocotea-myrrh-ical-slimming-vegan-capsules-bulk-360s,"Ocotea Myrrh-ical Slimming ""Vegan"" Capsules [BULK] - 360’s",,2750,,2750,instock,WEIGHT LOSS Products
6792,publish,ocotea-soap-bar-for-weight-loss-cellulite-100g,Ocotea Soap Bar (for Weight Loss & Cellulite) - 100g,,150,,150,instock,CELLULITE Products; OTHER SOAP BARS; WEIGHT LOSS Products
861,publish,ocotea-weight-loss-drops-100ml,Ocotea Weight Loss Drops - 100ml,,1850,,1850,instock,WEIGHT LOSS Products
711,publish,ocotea-weight-loss-drops-10ml,Ocotea Weight Loss Drops - 10ml,,250,,250,instock,WEIGHT LOSS Products
1138,publish,pain-relief-serum-100ml,Pain Relief Serum - 100ml,,1440,,1440,instock,HEALTH SERUMS
1136,publish,pain-relief-serum-10ml,Pain Relief Serum - 10ml,,180,,180,instock,HEALTH SERUMS
12354,publish,peppercorn-ointment-100g,Peppercorn Ointment - 100g,,190,,190,instock,OTHER NATURAL PRODUCTS
12355,publish,peppercorn-ointment-250g,Peppercorn Ointment - 250g,,390,,390,instock,OTHER NATURAL PRODUCTS
12357,publish,peppercorn-ointment-500g,Peppercorn Ointment - 500g,,700,,700,instock,OTHER NATURAL PRODUCTS
12353,publish,peppercorn-ointment-50g,Peppercorn Ointment - 50g,,110,,110,instock,OTHER NATURAL PRODUCTS
1133,publish,quit-smoking-serum-100ml,Quit-Smoking Serum - 100ml,,1440,,1440,instock,HEALTH SERUMS
1135,publish,quit-smoking-serum-10ml,Quit-Smoking Serum - 10ml,,180,,180,instock,HEALTH SERUMS
1280,publish,repellent-cream-100g,Repellent Cream - 100g,,130,,130,instock,OTHER NATURAL PRODUCTS
13682,publish,repellent-cream-250g,Repellent Cream - 250g,,265.00,,265.00,instock,OTHER NATURAL PRODUCTS
1278,publish,repellent-cream-500g,Repellent Cream - 500g,,350,,350,instock,OTHER NATURAL PRODUCTS
1276,publish,repellent-soap-bar-100g,Repellent Soap Bar - 100g,,65,,65,instock,OTHER NATURAL PRODUCTS; OTHER SOAP BARS
6761,publish,repellent-soap-bar-50g,Repellent Soap Bar - 50g,,40,,40,instock,OTHER NATURAL PRODUCTS; OTHER SOAP BARS
1132,publish,romance-serum-100ml,Romance Serum - 100ml,,1050,,1050,instock,HEALTH SERUMS
1130,publish,romance-serum-10ml,Romance Serum - 10ml,,140,,140,instock,HEALTH SERUMS
5692,publish,rose-absolute-anti-ageing-cleansing-milk-100ml,Rose Absolute Anti-Ageing Cleansing Milk - 100ml,,220,,220,instock,ABSOLUTE Anti-Ageing
5697,publish,rose-absolute-anti-ageing-cleansing-milk-500ml-refill,Rose Absolute Anti-Ageing Cleansing Milk - 500ml Refill,,825,,825,instock,ABSOLUTE Anti-Ageing
13206,publish,rose-absolute-anti-ageing-day-night-cream-100g,Rose Absolute Anti-Ageing Day-Night Cream - 100g,,800.00,,800.00,instock,ABSOLUTE Anti-Ageing
741,publish,rose-absolute-anti-ageing-day-night-cream-15g,Rose Absolute Anti-Ageing Day-Night Cream - 15g,,200,,200,instock,ABSOLUTE Anti-Ageing
13188,trash,rose-absolute-anti-ageing-day-night-cream-250g__trashed,Rose Absolute Anti-Ageing Day-Night Cream - 250g,,1550,,1550,instock,ABSOLUTE Anti-Ageing
823,publish,rose-absolute-anti-ageing-day-night-cream-50g-2,Rose Absolute Anti-Ageing Day-Night Cream - 50g,,460,,460,instock,ABSOLUTE Anti-Ageing
13211,publish,rose-absolute-anti-ageing-serum-100ml,Rose Absolute Anti-Ageing Serum - 100ml,,5700,,5700,instock,ABSOLUTE Anti-Ageing
744,publish,rose-absolute-anti-ageing-serum-10ml,Rose Absolute Anti-Ageing Serum - 10ml,,750,,750,instock,ABSOLUTE Anti-Ageing
11019,publish,rose-absolute-anti-ageing-skin-toner,Rose Absolute Anti-Ageing Skin Toner - 100ml,,220,,220,instock,ABSOLUTE Anti-Ageing
746,publish,rose-absolute-anti-ageing-soap-bar-100g,Rose Absolute Anti-Ageing Soap Bar - 100g,,180,,180,instock,ABSOLUTE Anti-Ageing; OTHER SOAP BARS
13213,publish,rose-absolute-anti-ageing-soap-bar-50g,Rose Absolute Anti-Ageing Soap Bar - 50g,,100,,100,instock,ABSOLUTE Anti-Ageing; OTHER SOAP BARS
5461,publish,saffron-anti-ageing-cleansing-milk-100ml,Saffron Anti-Ageing Cleansing Milk - 100ml,,110,,110,instock,SAFFRON Anti-Ageing
5463,publish,saffron-anti-ageing-cleansing-milk-500ml-refill,Saffron Anti-Ageing Cleansing Milk - 500ml refill,,400,,400,instock,SAFFRON Anti-Ageing
731,publish,saffron-anti-ageing-soap-bar-100g,Saffron Anti-Ageing Soap Bar - 100g,,65,,65,instock,OTHER SOAP BARS; SAFFRON Anti-Ageing
6740,publish,saffron-anti-ageing-soap-bar-50g,Saffron Anti-Ageing Soap Bar - 50g,,40,,40,instock,OTHER SOAP BARS; SAFFRON Anti-Ageing
759,publish,saffron-argan-oil-100ml,Saffron Argan Oil (100% pure) - 100ml,,1050,,1050,instock,ARGAN OIL Products; SAFFRON Anti-Ageing
757,publish,saffron-argan-oil-10ml,Saffron Argan Oil (100% pure) - 10ml,,140,,140,instock,ARGAN OIL Products; SAFFRON Anti-Ageing
735,publish,saffron-bee-flawless-plooiloos-100g,Saffron BEE-Flawless #plooiloos - 100g,,390,,390,instock,BEE-Flawless #plooiloos; SAFFRON Anti-Ageing
13214,publish,saffron-bee-flawless-plooiloos-250g,Saffron BEE-Flawless #plooiloos - 250g,,830.00,,830.00,instock,BEE-Flawless #plooiloos; SAFFRON Anti-Ageing
10543,publish,saffron-bee-flawless-plooiloos-500g,Saffron BEE-Flawless #plooiloos - 500g,,1560,,1560,instock,BEE-Flawless #plooiloos; SAFFRON Anti-Ageing
733,publish,saffron-bee-flawless-plooiloos-50g,Saffron BEE-Flawless #plooiloos - 50g,,250,,250,instock,BEE-Flawless #plooiloos; SAFFRON Anti-Ageing
1050,publish,galbanum-shaving-soap-bar-100g,Shaving Galbanum Soap Bar - 100g,,65,,65,instock,OTHER SOAP BARS
1048,publish,orange-rosewood-shaving-soap-bar-100g,Shaving Orange-Rosewood Soap Bar - 100g,,65,,65,instock,OTHER SOAP BARS
1046,publish,rosa-me-shaving-soap-bar-100g,Shaving Rosa-Me Soap Bar - 100g,,65,,65,instock,OTHER SOAP BARS
1052,publish,unfragranced-shaving-soap-bars-100g,Shaving Unfragranced Soap Bar - 100g,,65,,65,instock,OTHER SOAP BARS
12995,publish,shilajit-1000mg-vegan-capsules-10s,"Shilajit 1,000mg ""Vegan"" Capsules - 10's",,65,,65,instock,HEALTH &amp; DETOX Products; SHILAJIT Products
12997,publish,shilajit-1000mg-vegan-capsules-30s,"Shilajit 1,000mg ""Vegan"" Capsules - 30's",,180,,180,instock,HEALTH &amp; DETOX Products; SHILAJIT Products
12998,publish,shilajit-1000mg-vegan-capsules-60s,"Shilajit 1,000mg ""Vegan"" Capsules - 60's",,300,,300,instock,HEALTH &amp; DETOX Products; SHILAJIT Products
13850,publish,shilajit-miracle-balm-100g,Shilajit Miracle Balm - 100g,,390.00,250,390.00,instock,HEALTH &amp; DETOX Products; NEW Products; SHILAJIT Products
13851,publish,shilajit-miracle-balm-250g,Shilajit Miracle Balm - 250g,,830.00,,830.00,instock,HEALTH &amp; DETOX Products; NEW Products; SHILAJIT Products
13852,publish,shilajit-miracle-balm-500ml,Shilajit Miracle Balm - 500g,,1560.00,,1560.00,instock,HEALTH &amp; DETOX Products; NEW Products; SHILAJIT Products
13849,publish,shilajit-miracle-balm-50g,Shilajit Miracle Balm - 50g,,250.00,160,250.00,instock,HEALTH &amp; DETOX Products; NEW Products; SHILAJIT Products
1127,trash,silky-hair-serum-100ml__trashed,Silky Hair Serum - 100ml (was R1050),,525,,525,instock,CLEARANCE SALE
1129,trash,silky-hair-serum-10ml__trashed,Silky Hair Serum - 10ml (was R140),,70,,70,instock,CLEARANCE SALE
12056,publish,spekboom-anti-ageing-day-night-cream-100g,Spekboom Anti-Ageing Day-Night Cream - 100g,,250,,250,instock,SPEKBOOM Anti-Ageing &amp; Beauty
13176,publish,spekboom-anti-ageing-day-night-cream-250g,Spekboom Anti-Ageing Day-Night Cream - 250g,,540,,540,instock,SPEKBOOM Anti-Ageing &amp; Beauty
12055,publish,spekboom-anti-ageing-day-night-cream-500ml,Spekboom Anti-Ageing Day-Night Cream - 500ml,,1000,,1000,instock,SPEKBOOM Anti-Ageing &amp; Beauty
12057,publish,spekboom-anti-ageing-day-night-cream-50g,Spekboom Anti-Ageing Day-Night Cream - 50g,,160,,160,instock,SPEKBOOM Anti-Ageing &amp; Beauty
12066,publish,spekboom-anti-ageing-serum-100ml,Spekboom Anti-Ageing Serum - 100ml,,1850,,1850,instock,SPEKBOOM Anti-Ageing &amp; Beauty
12067,publish,spekboom-anti-ageing-serum-10ml,Spekboom Anti-Ageing Serum - 10ml,,250,180,250,instock,SPEKBOOM Anti-Ageing &amp; Beauty
12059,publish,spekboom-cura-cream-100g,Spekboom Cura Cream - 100g,,180,,180,instock,SPEKBOOM Anti-Ageing &amp; Beauty
12287,publish,spekboom-cura-cream-250g,Spekboom Cura Cream - 250g,,345,,345,instock,SPEKBOOM Anti-Ageing &amp; Beauty
12058,publish,spekboom-cura-cream-500ml,Spekboom Cura Cream - 500ml,,620,,620,instock,SPEKBOOM Anti-Ageing &amp; Beauty
12060,publish,spekboom-cura-cream-50g,Spekboom Cura Cream - 50g,,100,,100,instock,SPEKBOOM Anti-Ageing &amp; Beauty
12053,publish,spekboom-soap-bar-100g,Spekboom Soap Bar - 100g,,65,,65,instock,OTHER SOAP BARS; SPEKBOOM Anti-Ageing &amp; Beauty
12054,publish,spekboom-soap-bar-50g,Spekboom Soap Bar - 50g,,40,,40,instock,OTHER SOAP BARS; SPEKBOOM Anti-Ageing &amp; Beauty
11591,publish,spirulina-capsules-600mg-10s,"Spirulina 600mg ""Vegan"" Capsules - 10's",,50,,50,instock,HEALTH &amp; DETOX Products
11594,publish,spirulina-capsules-600mg-120s,"Spirulina 600mg ""Vegan"" Capsules - 120's",,360,,360,instock,HEALTH &amp; DETOX Products
11671,publish,spirulina-mint-coconut-soap-bar,Spirulina-Mint Coconut Soap Bar - 100g,,65,,65,instock,HEALTH &amp; DETOX Products; OTHER SOAP BARS
11672,publish,spirulina-mint-coconut-soap-bar-50g,Spirulina-Mint Coconut Soap Bar - 50g,,40,,40,instock,HEALTH &amp; DETOX Products; OTHER SOAP BARS
11673,publish,spirulina-mint-glycerine-soap-bar-100g,Spirulina-Mint Glycerine Soap Bar - 100g,,65,,65,instock,HEALTH &amp; DETOX Products; OTHER SOAP BARS
11674,publish,spirulina-mint-glycerine-soap-bar-50g,Spirulina-Mint Glycerine Soap Bar - 50g,,40,,40,instock,HEALTH &amp; DETOX Products; OTHER SOAP BARS
1126,publish,stop-snoring-serum-100ml,Stop-Snoring Serum - 100ml,,1050,,1050,instock,HEALTH SERUMS
1124,publish,stop-snoring-serum-10ml,Stop-Snoring Serum - 10ml,,140,,140,instock,HEALTH SERUMS
1121,publish,stress-relief-serum-100ml,Stress Relief Serum - 100ml,,1050,,1050,instock,HEALTH SERUMS
1123,publish,stress-relief-serum-10ml,Stress Relief Serum - 10ml,,140,,140,instock,HEALTH SERUMS
6734,publish,sugar-craving-serum-100ml-2,Sugar Craving Serum - 100ml,,1440,,1440,instock,HEALTH SERUMS; WEIGHT LOSS Products
6729,publish,sugar-craving-serum-10ml-2,Sugar Craving Serum - 10ml,,180,,180,instock,HEALTH SERUMS; WEIGHT LOSS Products
1433,publish,sunscreen-spf-40-100g,Sunscreen SPF 40 - 100g,,280,,280,instock,OTHER NATURAL PRODUCTS
1431,publish,sunscreen-spf-40-50g,Sunscreen SPF 40 - 50g,,180,,180,instock,OTHER NATURAL PRODUCTS
13678,publish,sunscreen-anti-ageing-spf40-250g,Sunscreen SPF40 - 250g,,600,,600,instock,OTHER NATURAL PRODUCTS
13683,publish,sunscreen-spf40-500g,Sunscreen SPF40 - 500g,,1125.00,,1125.00,instock,OTHER NATURAL PRODUCTS
863,publish,thyroid-booster-100ml,Thyroid Booster - 100ml,,1650,,1650,instock,HEALTH SERUMS; WEIGHT LOSS Products
865,publish,thyroid-booster-10ml,Thyroid Booster - 10ml,,220,,220,instock,HEALTH SERUMS; WEIGHT LOSS Products
11598,publish,tulsi-capsules-600mg-120s,"Tulsi 600mg ""Vegan"" Capsules - 120's",,200,,200,instock,HEALTH &amp; DETOX Products
11595,publish,tulsi-capsules-600mg-10s,"Tulsi 600mg ""Vegan"" Capsules 10's",,30,,30,instock,HEALTH &amp; DETOX Products
11010,publish,turkish-royal-jelly-anti-ageing-day-night-cream-100g,Turkish Royal Jelly Anti-Ageing Day-Night Cream - 100g,,390,250,390,instock,Honey-BEE Anti-Ageing; ROYAL JELLY Products
13130,publish,turkish-royal-jelly-anti-ageing-day-night-cream-250g,Turkish Royal Jelly Anti-Ageing Day-Night Cream - 250g,,830.00,,830.00,instock,Honey-BEE Anti-Ageing; ROYAL JELLY Products
13128,publish,turkish-royal-jelly-anti-ageing-day-night-cream-500g,Turkish Royal Jelly Anti-Ageing Day-Night Cream - 500g,,1560.00,,1560.00,instock,Honey-BEE Anti-Ageing; ROYAL JELLY Products
11006,publish,turkish-royal-jelly-anti-ageing-day-night-cream-50g,Turkish Royal Jelly Anti-Ageing Day-Night Cream - 50g,,250,160,250,instock,Honey-BEE Anti-Ageing; ROYAL JELLY Products
1120,publish,varicose-veins-serum-100ml,Varicose Veins Serum - 100ml,,1050,,1050,instock,HEALTH SERUMS
1118,publish,varicose-veins-serum-10ml,Varicose Veins Serum - 10ml,,140,,140,instock,HEALTH SERUMS
1322,publish,vitality-serum-100ml-2,Vitality Serum - 100ml (was R1050),,525,,525,instock,CLEARANCE SALE
1116,publish,vitality-serum-100ml,Vitality Serum - 10ml (was R140),,70,,70,instock,CLEARANCE SALE
2082,publish,vitamin-e-anti-ageing-day-night-cream-100g,Vitamin-E Anti-Ageing Day-Night Cream - 100g,,280,,280,instock,VITAMIN-E Anti-Ageing
13181,publish,vitamin-e-anti-ageing-day-night-cream-250g,Vitamin-E Anti-Ageing Day-Night Cream - 250g,,600,,600,instock,VITAMIN-E Anti-Ageing
10541,publish,vitamin-e-anti-ageing-day-night-cream-500g,Vitamin-E Anti-Ageing Day-Night Cream - 500g,,1125,,1125,instock,VITAMIN-E Anti-Ageing
2078,publish,vitamin-e-anti-ageing-day-night-cream-50g,Vitamin-E Anti-Ageing Day-Night Cream - 50g,,180,,180,instock,VITAMIN-E Anti-Ageing
2085,publish,vitamin-e-anti-ageing-serum-100ml,Vitamin-E Anti-Ageing Serum - 100ml,,1850,,1850,instock,VITAMIN-E Anti-Ageing
2083,publish,vitamin-e-anti-ageing-serum-10ml,Vitamin-E Anti-Ageing Serum - 10ml,,250,180,250,instock,VITAMIN-E Anti-Ageing
6773,publish,vitamin-e-anti-ageing-soap-bar-50g,Vitamin-E Anti-Ageing Soap Bar - 50g,,40,,40,instock,OTHER SOAP BARS; VITAMIN-E Anti-Ageing
2086,publish,vitamin-e-anti-ageing-soap-bar-100g,Vitamin-E Anti-Ageing soap bar - 100g,,65,,65,instock,OTHER SOAP BARS; VITAMIN-E Anti-Ageing
6736,publish,wee-wee-serum-100ml,Wee-Wee Serum - 100ml,,1440,,1440,instock,HEALTH SERUMS
6735,publish,wee-wee-serum-10ml,Wee-Wee Serum - 10ml,,180,,180,instock,HEALTH SERUMS
11093,publish,witch-hazel-soap-bar-100g,Witchazel Soap Bar - 100g,,65,45,65,instock,ACNE CONTROL Products; OTHER SOAP BARS
11096,publish,witch-hazel-soap-bar-50g,Witchazel Soap Bar - 50g,,40,,40,instock,ACNE CONTROL Products; OTHER SOAP BARS
1064,publish,cassia-xtreme-soap-bars-100g,Xtreme Cassia Soap Bar - 100g,,65,,65,instock,CELLULITE Products; OTHER SOAP BARS
941,publish,xtreme-cream-100g,Xtreme Cream - 100g,,200,,200,instock,CELLULITE Products
13677,publish,xtreme-cream-250g,Xtreme Cream - 250g,,390,,390,instock,CELLULITE Products
938,publish,xtreme-cream-500g,Xtreme Cream 500g,,700,,700,instock,CELLULITE Products
1062,publish,elemi-xtreme-soap-bars-100g,Xtreme Elemi Soap Bar - 100g,,65,,65,instock,CELLULITE Products; OTHER SOAP BARS
1060,publish,fennel-xtreme-soap-bars-100g,Xtreme Fennel Soap Bar - 100g,,65,,65,instock,CELLULITE Products; OTHER SOAP BARS
1056,publish,helicrhysum-xtreme-soap-bars-100g,Xtreme Helicrhysum Soap Bar - 100g,,65,,65,instock,CELLULITE Products; OTHER SOAP BARS
1054,publish,laurel-berry-xtreme-soap-bars-100g,Xtreme Laurel Berry Soap Bar - 100g,,65,,65,instock,CELLULITE Products; OTHER SOAP BARS
1066,publish,xtreme-soap-bars-original-100g,Xtreme Original Soap Bar - 100g,,65,,65,instock,CELLULITE Products; OTHER SOAP BARS; WEIGHT LOSS Products
