slug,title,field,matched_term,snippet
sunscreen-spf-40-50g,Sunscreen SPF 40 - 50g,excerpt,eczema,proof. Can be used as day-night cream. Acne; Eczema; AntiAgeing
sunscreen-spf-40-100g,Sunscreen SPF 40 - 100g,excerpt,eczema,proof. Can be used as day-night cream. Acne; Eczema; AntiAgeing
anti-bacterial-soap-bar,Anti-Bacterial Soap Bar - 100g,title,bacteria,Anti-Bacterial Soap Bar - 100g
andropause-serum-10ml,Andropause Serum - 10ml,title,andropause,Andropause Serum - 10ml
andropause-serum-100ml,Andropause Serum - 100ml,title,andropause,Andropause Serum - 100ml
eczema-serum-10ml,Eczema Serum - 10ml,title,eczema,Eczema Serum - 10ml
eczema-serum-100ml,Eczema Serum - 100ml,title,eczema,Eczema Serum - 100ml
asthma-serum-100ml,Asthma Serum - 100ml,title,asthma,Asthma Serum - 100ml
asthma-serum-10ml,Asthma Serum - 10ml,title,asthma,Asthma Serum - 10ml
arthritis-serum-10ml,Arthritis Serum - 10ml,title,arthrit,Arthritis Serum - 10ml
arthritis-serum-100ml,Arthritis Serum - 100ml,title,arthrit,Arthritis Serum - 100ml
anti-depressant-serum-100ml,Anti-Depressant Serum - 100ml (was R1050),title,depress,Anti-Depressant Serum - 100ml (was R1050)
anti-depressant-serum-10ml,Anti-Depressant Serum - 10ml (was R140),title,depress,Anti-Depressant Serum - 10ml (was R140)
anti-cancer-serum-10ml,Anti-Cancer Serum - 10ml,title,cancer,Anti-Cancer Serum - 10ml
menopause-serum-10ml,Menopause Serum - 10ml,title,menopause,Menopause Serum - 10ml
menopause-serum-100ml,Menopause Serum - 100ml,title,menopause,Menopause Serum - 100ml
andropause-soap-bar-100g,Andropause Soap Bar - 100g,title,andropause,Andropause Soap Bar - 100g
eczema-soap-bar-100g,Eczema Soap Bar - 100g,title,eczema,Eczema Soap Bar - 100g
anti-cancer-serum-100ml-2,Anti-Cancer Serum - 100ml,title,cancer,Anti-Cancer Serum - 100ml
menopause-soap-bar-100g,Menopause Soap Bar - 100g,title,menopause,Menopause Soap Bar - 100g
myrrh-anti-ageing-night-cream-500g,Myrrh Anti-Ageing Night Cream - 500g,excerpt,\btreats?\b,To treat and prevent signs of ageing. Also for treatm
myrrh-anti-ageing-night-cream-500g,Myrrh Anti-Ageing Night Cream - 500g,excerpt,\btreatment\b,"treat and prevent signs of ageing. Also for treatment of acne, pimples & black heads. Natural SPF"
myrrh-anti-ageing-night-cream-500g,Myrrh Anti-Ageing Night Cream - 500g,excerpt,\bprevents?\b,"To treat and prevent signs of ageing. Also for treatment of acne,"
myrrh-anti-ageing-night-cream-100g,Myrrh Anti-Ageing Night Cream - 100g,excerpt,\btreats?\b,To treat and prevent signs of ageing. Also for treatm
myrrh-anti-ageing-night-cream-100g,Myrrh Anti-Ageing Night Cream - 100g,excerpt,\btreatment\b,"treat and prevent signs of ageing. Also for treatment of acne, pimples & black heads. Natural SPF"
myrrh-anti-ageing-night-cream-100g,Myrrh Anti-Ageing Night Cream - 100g,excerpt,\bprevents?\b,"To treat and prevent signs of ageing. Also for treatment of acne,"
myrrh-anti-ageing-day-cream-500g,Myrrh Anti-Ageing Day Cream - 500g,excerpt,\btreats?\b,To treat and prevent signs of ageing. Also for treatm
myrrh-anti-ageing-day-cream-500g,Myrrh Anti-Ageing Day Cream - 500g,excerpt,\btreatment\b,"treat and prevent signs of ageing. Also for treatment of acne, pimples & black heads. Natural SPF"
myrrh-anti-ageing-day-cream-500g,Myrrh Anti-Ageing Day Cream - 500g,excerpt,\bprevents?\b,"To treat and prevent signs of ageing. Also for treatment of acne,"
myrrh-anti-ageing-day-cream-100g,Myrrh Anti-Ageing Day Cream - 100g,excerpt,\btreats?\b,To treat and prevent signs of ageing. Also for treatm
myrrh-anti-ageing-day-cream-100g,Myrrh Anti-Ageing Day Cream - 100g,excerpt,\btreatment\b,"treat and prevent signs of ageing. Also for treatment of acne, pimples & black heads. Natural SPF"
myrrh-anti-ageing-day-cream-100g,Myrrh Anti-Ageing Day Cream - 100g,excerpt,\bprevents?\b,"To treat and prevent signs of ageing. Also for treatment of acne,"
myrrh-anti-ageing-healing-serum-100ml,Myrrh Anti-Ageing & Healing Serum - 100ml,title,\bheal(s|ing)?\b,Myrrh Anti-Ageing & Healing Serum - 100ml
myrrh-anti-ageing-healing-serum-100ml,Myrrh Anti-Ageing & Healing Serum - 100ml,excerpt,anti-inflammat,Scars. Rejuvenate ageing skin. Pigmentation Anti-inflammatory. Improve firmness
myrrh-anti-ageing-healing-serum-10ml,Myrrh Anti-Ageing & Healing Serum - 10ml,title,\bheal(s|ing)?\b,Myrrh Anti-Ageing & Healing Serum - 10ml
myrrh-anti-ageing-healing-serum-10ml,Myrrh Anti-Ageing & Healing Serum - 10ml,excerpt,anti-inflammat,Scars. Rejuvenate ageing skin. Pigmentation Anti-inflammatory. Improve firmness
diatomaceous-earth-food-grade-capsules-720s,"Diatomaceous Earth Food Grade 600mg ""Vegan"" Capsules - 720's",excerpt,cholesterol,move Toxins (especially heavy metals). Lower cholesterol. Lowering of blood pressure Relief from a
diatomaceous-earth-food-grade-capsules-720s,"Diatomaceous Earth Food Grade 600mg ""Vegan"" Capsules - 720's",excerpt,arthrit,l. Lowering of blood pressure Relief from arthritis pain. Increased energy. Sinus/cough relief
diatomaceous-earth-food-grade-capsules-720s,"Diatomaceous Earth Food Grade 600mg ""Vegan"" Capsules - 720's",excerpt,eczema,inus/cough relief. Stronger hair/nails/skin. Eczema / Psoriasis /Acne……
diatomaceous-earth-food-grade-capsules-720s,"Diatomaceous Earth Food Grade 600mg ""Vegan"" Capsules - 720's",excerpt,psoriasis,h relief. Stronger hair/nails/skin. Eczema / Psoriasis /Acne……
diatomaceous-earth-food-grade-capsules-120s,"Diatomaceous Earth Food Grade 600mg ""Vegan"" Capsules - 120's",excerpt,cholesterol,move Toxins (especially heavy metals). Lower cholesterol. Lowering of blood pressure Relief from a
diatomaceous-earth-food-grade-capsules-120s,"Diatomaceous Earth Food Grade 600mg ""Vegan"" Capsules - 120's",excerpt,arthrit,l. Lowering of blood pressure Relief from arthritis pain. Increased energy. Sinus/cough relief
diatomaceous-earth-food-grade-capsules-120s,"Diatomaceous Earth Food Grade 600mg ""Vegan"" Capsules - 120's",excerpt,eczema,inus/cough relief. Stronger hair/nails/skin. Eczema / Psoriasis /Acne……
diatomaceous-earth-food-grade-capsules-120s,"Diatomaceous Earth Food Grade 600mg ""Vegan"" Capsules - 120's",excerpt,psoriasis,h relief. Stronger hair/nails/skin. Eczema / Psoriasis /Acne……
diatomaceous-earth-food-grade-capsules-20s,"Diatomaceous Earth Food Grade 600mg ""Vegan"" Capsules - 20's",excerpt,cholesterol,move Toxins (especially heavy metals). Lower cholesterol. Lowering of blood pressure Relief from a
diatomaceous-earth-food-grade-capsules-20s,"Diatomaceous Earth Food Grade 600mg ""Vegan"" Capsules - 20's",excerpt,arthrit,l. Lowering of blood pressure Relief from arthritis pain. Increased energy. Sinus/cough relief
diatomaceous-earth-food-grade-capsules-20s,"Diatomaceous Earth Food Grade 600mg ""Vegan"" Capsules - 20's",excerpt,eczema,inus/cough relief. Stronger hair/nails/skin. Eczema / Psoriasis /Acne……
diatomaceous-earth-food-grade-capsules-20s,"Diatomaceous Earth Food Grade 600mg ""Vegan"" Capsules - 20's",excerpt,psoriasis,h relief. Stronger hair/nails/skin. Eczema / Psoriasis /Acne……
lotus-anti-ageing-serum-100ml,Lotus Anti-Ageing Serum - 100ml,excerpt,anti-inflammat,Scars. Rejuvenate ageing skin. Pigmentation Anti-inflammatory. Improve firmness
lotus-anti-ageing-day-night-cream-100g,Lotus Anti-Ageing Day-Night Cream - 100g,excerpt,\btreats?\b,To treat and prevent signs of ageing. Also for treatm
lotus-anti-ageing-day-night-cream-100g,Lotus Anti-Ageing Day-Night Cream - 100g,excerpt,\btreatment\b,"treat and prevent signs of ageing. Also for treatment of acne, pimples & black heads. Natural SPF"
lotus-anti-ageing-day-night-cream-100g,Lotus Anti-Ageing Day-Night Cream - 100g,excerpt,\bprevents?\b,"To treat and prevent signs of ageing. Also for treatment of acne,"
lotus-anti-ageing-day-night-cream-50g,Lotus Anti-Ageing Day-Night Cream - 50g,excerpt,\btreats?\b,To treat and prevent signs of ageing. Also for treatm
lotus-anti-ageing-day-night-cream-50g,Lotus Anti-Ageing Day-Night Cream - 50g,excerpt,\btreatment\b,"treat and prevent signs of ageing. Also for treatment of acne, pimples & black heads. Natural SPF"
lotus-anti-ageing-day-night-cream-50g,Lotus Anti-Ageing Day-Night Cream - 50g,excerpt,\bprevents?\b,"To treat and prevent signs of ageing. Also for treatment of acne,"
lotus-anti-ageing-day-cream-500g,Lotus Anti-Ageing Day-Night Cream - 500g,excerpt,\btreats?\b,To treat and prevent signs of ageing. Also for treatm
lotus-anti-ageing-day-cream-500g,Lotus Anti-Ageing Day-Night Cream - 500g,excerpt,\btreatment\b,"treat and prevent signs of ageing. Also for treatment of acne, pimples & black heads. Natural SPF"
lotus-anti-ageing-day-cream-500g,Lotus Anti-Ageing Day-Night Cream - 500g,excerpt,\bprevents?\b,"To treat and prevent signs of ageing. Also for treatment of acne,"
myrrh-resin-detox-vegan-capsules-10s,"Myrrh Resin Detox 600mg ""Vegan"" Capsules - 10's",excerpt,cancer,Best selling product!!!! Detox. Anti-cancer. Digestion. Boosts immune system. Lowers Cho
myrrh-resin-detox-vegan-capsules-10s,"Myrrh Resin Detox 600mg ""Vegan"" Capsules - 10's",excerpt,ulcer,esterol. Antioxidant. Colon Cleanse. Stomach Ulcers. Boost Thyroid. Antiviral Antifungal. Incon
myrrh-resin-detox-vegan-capsules-10s,"Myrrh Resin Detox 600mg ""Vegan"" Capsules - 10's",excerpt,cholesterol,cer. Digestion. Boosts immune system. Lowers Cholesterol. Antioxidant. Colon Cleanse. Stomach Ulcers.
myrrh-resin-detox-vegan-capsules-10s,"Myrrh Resin Detox 600mg ""Vegan"" Capsules - 10's",excerpt,antiviral,olon Cleanse. Stomach Ulcers. Boost Thyroid. Antiviral Antifungal. Incontinence. Diuretic. Bladder
myrrh-resin-detox-vegan-capsules-10s,"Myrrh Resin Detox 600mg ""Vegan"" Capsules - 10's",excerpt,antifungal,se. Stomach Ulcers. Boost Thyroid. Antiviral Antifungal. Incontinence. Diuretic. Bladder infection.
myrrh-resin-detox-vegan-capsules-10s,"Myrrh Resin Detox 600mg ""Vegan"" Capsules - 10's",excerpt,thyroid,xidant. Colon Cleanse. Stomach Ulcers. Boost Thyroid. Antiviral Antifungal. Incontinence. Diureti
myrrh-resin-detox-vegan-capsules-60s,"Myrrh Resin Detox 600mg ""Vegan"" Capsules - 60's",excerpt,cancer,Best selling product!!!! Detox. Anti-cancer. Digestion. Boosts immune system. Lowers Cho
myrrh-resin-detox-vegan-capsules-60s,"Myrrh Resin Detox 600mg ""Vegan"" Capsules - 60's",excerpt,ulcer,esterol. Antioxidant. Colon Cleanse. Stomach Ulcers. Boost Thyroid. Antiviral Antifungal. Incon
myrrh-resin-detox-vegan-capsules-60s,"Myrrh Resin Detox 600mg ""Vegan"" Capsules - 60's",excerpt,cholesterol,cer. Digestion. Boosts immune system. Lowers Cholesterol. Antioxidant. Colon Cleanse. Stomach Ulcers.
myrrh-resin-detox-vegan-capsules-60s,"Myrrh Resin Detox 600mg ""Vegan"" Capsules - 60's",excerpt,antiviral,olon Cleanse. Stomach Ulcers. Boost Thyroid. Antiviral Antifungal. Incontinence. Diuretic. Bladder
myrrh-resin-detox-vegan-capsules-60s,"Myrrh Resin Detox 600mg ""Vegan"" Capsules - 60's",excerpt,antifungal,se. Stomach Ulcers. Boost Thyroid. Antiviral Antifungal. Incontinence. Diuretic. Bladder infection.
myrrh-resin-detox-vegan-capsules-60s,"Myrrh Resin Detox 600mg ""Vegan"" Capsules - 60's",excerpt,thyroid,xidant. Colon Cleanse. Stomach Ulcers. Boost Thyroid. Antiviral Antifungal. Incontinence. Diureti
myrrh-resin-detox-vegan-capsules-360s,"Myrrh Resin Detox 600mg ""Vegan"" Capsules - 360's",excerpt,cancer,Best selling product!!!! Detox. Anti-cancer. Digestion. Boosts immune system. Lowers Cho
myrrh-resin-detox-vegan-capsules-360s,"Myrrh Resin Detox 600mg ""Vegan"" Capsules - 360's",excerpt,ulcer,esterol. Antioxidant. Colon Cleanse. Stomach Ulcers. Boost Thyroid. Antiviral Antifungal. Incon
myrrh-resin-detox-vegan-capsules-360s,"Myrrh Resin Detox 600mg ""Vegan"" Capsules - 360's",excerpt,cholesterol,cer. Digestion. Boosts immune system. Lowers Cholesterol. Antioxidant. Colon Cleanse. Stomach Ulcers.
myrrh-resin-detox-vegan-capsules-360s,"Myrrh Resin Detox 600mg ""Vegan"" Capsules - 360's",excerpt,antiviral,olon Cleanse. Stomach Ulcers. Boost Thyroid. Antiviral Antifungal. Incontinence. Diuretic. Bladder
myrrh-resin-detox-vegan-capsules-360s,"Myrrh Resin Detox 600mg ""Vegan"" Capsules - 360's",excerpt,antifungal,se. Stomach Ulcers. Boost Thyroid. Antiviral Antifungal. Incontinence. Diuretic. Bladder infection.
myrrh-resin-detox-vegan-capsules-360s,"Myrrh Resin Detox 600mg ""Vegan"" Capsules - 360's",excerpt,thyroid,xidant. Colon Cleanse. Stomach Ulcers. Boost Thyroid. Antiviral Antifungal. Incontinence. Diureti
ocotea-weight-loss-drops-100ml,Ocotea Weight Loss Drops - 100ml,excerpt,cancer,essant. Detox. Fat burning. Anti-stress Anti-cancer. Diabetes. Menopause. Antioxidant. Anti-infl
ocotea-weight-loss-drops-100ml,Ocotea Weight Loss Drops - 100ml,excerpt,diabet,Detox. Fat burning. Anti-stress Anti-cancer. Diabetes. Menopause. Antioxidant. Anti-inflammatory
ocotea-weight-loss-drops-100ml,Ocotea Weight Loss Drops - 100ml,excerpt,cholesterol,ioxidant. Anti-inflammatory. Anti-irritation Cholesterol. Lowers blood pressure. Improves metabolism.
ocotea-weight-loss-drops-100ml,Ocotea Weight Loss Drops - 100ml,excerpt,anti-inflammat,ti-cancer. Diabetes. Menopause. Antioxidant. Anti-inflammatory. Anti-irritation Cholesterol. Lowers bloo
ocotea-weight-loss-drops-100ml,Ocotea Weight Loss Drops - 100ml,excerpt,\bcures?\b,"digestion. Anti acidity. Treats foot fungus. Cures candida, parasites, streptococcal. Local ana"
ocotea-weight-loss-drops-100ml,Ocotea Weight Loss Drops - 100ml,excerpt,\btreats?\b,"romotes proper food digestion. Anti acidity. Treats foot fungus. Cures candida, parasites, strep"
ocotea-weight-loss-drops-100ml,Ocotea Weight Loss Drops - 100ml,excerpt,menopause,burning. Anti-stress Anti-cancer. Diabetes. Menopause. Antioxidant. Anti-inflammatory. Anti-irrita
thyroid-booster-100ml,Thyroid Booster - 100ml,title,thyroid,Thyroid Booster - 100ml
thyroid-booster-100ml,Thyroid Booster - 100ml,excerpt,cholesterol,s Thyroid. Balances Endocrine System. Lowers Cholesterol. Antioxidant Promotes weight loss. Not to
thyroid-booster-100ml,Thyroid Booster - 100ml,excerpt,thyroid,Boosts & Balances Thyroid. Balances Endocrine System. Lowers Cholester
thyroid-booster-10ml,Thyroid Booster - 10ml,title,thyroid,Thyroid Booster - 10ml
thyroid-booster-10ml,Thyroid Booster - 10ml,excerpt,cholesterol,s Thyroid. Balances Endocrine System. Lowers Cholesterol. Antioxidant Promotes weight loss. Not to
thyroid-booster-10ml,Thyroid Booster - 10ml,excerpt,thyroid,Boosts & Balances Thyroid. Balances Endocrine System. Lowers Cholester
hoodia-gordonii-vegan-capsules-1200s,"Hoodia Gordonii 600mg ""Vegan"" Capsules - 1200's",excerpt,diabet,"100% natural appetite suppressant. Not for diabetics, pregnant, lactation, or people on any ch"
hoodia-gordonii-vegan-capsules-1200s,"Hoodia Gordonii 600mg ""Vegan"" Capsules - 1200's",excerpt,cholesterol,ronic medication. Ideal for people with high cholesterol
hoodia-gordonii-vegan-capsules-180s,"Hoodia Gordonii 600mg ""Vegan"" Capsules - 180's",excerpt,diabet,"100% natural appetite suppressant. Not for diabetics, pregnant, lactation, or people on any ch"
hoodia-gordonii-vegan-capsules-180s,"Hoodia Gordonii 600mg ""Vegan"" Capsules - 180's",excerpt,cholesterol,ronic medication. Ideal for people with high cholesterol
hoodia-gordonii-powder-100ml,Hoodia Gordonii Powder - 100ml,excerpt,diabet,"100% natural appetite suppressant. Not for diabetics, pregnant, lactation, or people on any ch"
hoodia-gordonii-powder-100ml,Hoodia Gordonii Powder - 100ml,excerpt,cholesterol,ronic medication. Ideal for people with high cholesterol
neroli-anti-ageing-serum-100ml,Neroli Anti-Ageing Serum - 100ml,excerpt,depress,s elasticity. Reduces fine veins. Scars. Antidepressant. Anxiety Aphrodisiac. Antiseptic. Sedativ
neroli-anti-ageing-serum-100ml,Neroli Anti-Ageing Serum - 100ml,excerpt,anxiety,. Reduces fine veins. Scars. Antidepressant. Anxiety Aphrodisiac. Antiseptic. Sedative. Maintain
neroli-anti-ageing-serum-10ml,Neroli Anti-Ageing Serum - 10ml,excerpt,depress,s elasticity. Reduces fine veins. Scars. Antidepressant. Anxiety Aphrodisiac. Antiseptic. Sedativ
neroli-anti-ageing-serum-10ml,Neroli Anti-Ageing Serum - 10ml,excerpt,anxiety,. Reduces fine veins. Scars. Antidepressant. Anxiety Aphrodisiac. Antiseptic. Sedative. Maintain
boswellia-capsules-60s,"Boswellia Serrata 600mg ""Vegan"" Capsules - 60's",excerpt,cancer,From Frankincense tree! Anti Cancerous. Reduces inflammation. Ulcerative colitis
boswellia-capsules-60s,"Boswellia Serrata 600mg ""Vegan"" Capsules - 60's",excerpt,colitis,Cancerous. Reduces inflammation. Ulcerative colitis. Improves metabolism. Depression Bursitis. A
boswellia-capsules-60s,"Boswellia Serrata 600mg ""Vegan"" Capsules - 60's",excerpt,ulcer,ree! Anti Cancerous. Reduces inflammation. Ulcerative colitis. Improves metabolism. Depressio
boswellia-capsules-60s,"Boswellia Serrata 600mg ""Vegan"" Capsules - 60's",excerpt,asthma,s. Improves metabolism. Depression Bursitis. Asthma. Helps with allergies. Anticoagulant. Reduce
boswellia-capsules-60s,"Boswellia Serrata 600mg ""Vegan"" Capsules - 60's",excerpt,depress,on. Ulcerative colitis. Improves metabolism. Depression Bursitis. Asthma. Helps with allergies. A
mastic-gum-capsules-10s,"Mastic Gum 600mg ""Vegan"" Capsules - 10's",excerpt,cancer,Excellent product!!!! Stomach cancer. Colon cancer. Peptic ulcers. Digestive & Ga
mastic-gum-capsules-10s,"Mastic Gum 600mg ""Vegan"" Capsules - 10's",excerpt,cancer,xcellent product!!!! Stomach cancer. Colon cancer. Peptic ulcers. Digestive & Gastrointestinal
mastic-gum-capsules-10s,"Mastic Gum 600mg ""Vegan"" Capsules - 10's",excerpt,diabet,ioxidant. High Cholesterol. Crohn's disease. Diabetes. Hypertension. Kills “Helicobacter Pylori
mastic-gum-capsules-10s,"Mastic Gum 600mg ""Vegan"" Capsules - 10's",excerpt,crohn,ntibacterial. Antioxidant. High Cholesterol. Crohn's disease. Diabetes. Hypertension. Kills “He
mastic-gum-capsules-10s,"Mastic Gum 600mg ""Vegan"" Capsules - 10's",excerpt,ulcer,t!!!! Stomach cancer. Colon cancer. Peptic ulcers. Digestive & Gastrointestinal ailments. Chr
mastic-gum-capsules-10s,"Mastic Gum 600mg ""Vegan"" Capsules - 10's",excerpt,hypertension,High Cholesterol. Crohn's disease. Diabetes. Hypertension. Kills “Helicobacter Pylori bacteria”… and m
mastic-gum-capsules-10s,"Mastic Gum 600mg ""Vegan"" Capsules - 10's",excerpt,cholesterol,heartburn. Antibacterial. Antioxidant. High Cholesterol. Crohn's disease. Diabetes. Hypertension. Ki
mastic-gum-capsules-10s,"Mastic Gum 600mg ""Vegan"" Capsules - 10's",excerpt,helicobacter,hn's disease. Diabetes. Hypertension. Kills “Helicobacter Pylori bacteria”… and more!
mastic-gum-capsules-10s,"Mastic Gum 600mg ""Vegan"" Capsules - 10's",excerpt,bacteria,"h pain, upper abdominal pain, heartburn. Antibacterial. Antioxidant. High Cholesterol. Crohn's dis"
mastic-gum-capsules-10s,"Mastic Gum 600mg ""Vegan"" Capsules - 10's",excerpt,bacteria,es. Hypertension. Kills “Helicobacter Pylori bacteria”… and more!
mastic-gum-capsules-10s,"Mastic Gum 600mg ""Vegan"" Capsules - 10's",excerpt,antibacterial,"omach pain, upper abdominal pain, heartburn. Antibacterial. Antioxidant. High Cholesterol. Crohn's dise"
mastic-gum-capsules-10s,"Mastic Gum 600mg ""Vegan"" Capsules - 10's",excerpt,\bkills?\b,ol. Crohn's disease. Diabetes. Hypertension. Kills “Helicobacter Pylori bacteria”… and more!
mastic-gum-capsules-10s,"Mastic Gum 600mg ""Vegan"" Capsules - 10's",excerpt,disease,rial. Antioxidant. High Cholesterol. Crohn's disease. Diabetes. Hypertension. Kills “Helicobacter
mastic-gum-capsules-60s,"Mastic Gum 600mg ""Vegan"" Capsules - 60's",excerpt,cancer,Excellent product!!!! Stomach cancer. Colon cancer. Peptic ulcers. Digestive & Ga
mastic-gum-capsules-60s,"Mastic Gum 600mg ""Vegan"" Capsules - 60's",excerpt,cancer,xcellent product!!!! Stomach cancer. Colon cancer. Peptic ulcers. Digestive & Gastrointestinal
mastic-gum-capsules-60s,"Mastic Gum 600mg ""Vegan"" Capsules - 60's",excerpt,diabet,ioxidant. High Cholesterol. Crohn's disease. Diabetes. Hypertension. Kills “Helicobacter Pylori
mastic-gum-capsules-60s,"Mastic Gum 600mg ""Vegan"" Capsules - 60's",excerpt,crohn,ntibacterial. Antioxidant. High Cholesterol. Crohn's disease. Diabetes. Hypertension. Kills “He
mastic-gum-capsules-60s,"Mastic Gum 600mg ""Vegan"" Capsules - 60's",excerpt,ulcer,t!!!! Stomach cancer. Colon cancer. Peptic ulcers. Digestive & Gastrointestinal ailments. Chr
mastic-gum-capsules-60s,"Mastic Gum 600mg ""Vegan"" Capsules - 60's",excerpt,hypertension,High Cholesterol. Crohn's disease. Diabetes. Hypertension. Kills “Helicobacter Pylori bacteria”… and m
mastic-gum-capsules-60s,"Mastic Gum 600mg ""Vegan"" Capsules - 60's",excerpt,cholesterol,heartburn. Antibacterial. Antioxidant. High Cholesterol. Crohn's disease. Diabetes. Hypertension. Ki
mastic-gum-capsules-60s,"Mastic Gum 600mg ""Vegan"" Capsules - 60's",excerpt,helicobacter,hn's disease. Diabetes. Hypertension. Kills “Helicobacter Pylori bacteria”… and more!
mastic-gum-capsules-60s,"Mastic Gum 600mg ""Vegan"" Capsules - 60's",excerpt,bacteria,"h pain, upper abdominal pain, heartburn. Antibacterial. Antioxidant. High Cholesterol. Crohn's dis"
mastic-gum-capsules-60s,"Mastic Gum 600mg ""Vegan"" Capsules - 60's",excerpt,bacteria,es. Hypertension. Kills “Helicobacter Pylori bacteria”… and more!
mastic-gum-capsules-60s,"Mastic Gum 600mg ""Vegan"" Capsules - 60's",excerpt,antibacterial,"omach pain, upper abdominal pain, heartburn. Antibacterial. Antioxidant. High Cholesterol. Crohn's dise"
mastic-gum-capsules-60s,"Mastic Gum 600mg ""Vegan"" Capsules - 60's",excerpt,\bkills?\b,ol. Crohn's disease. Diabetes. Hypertension. Kills “Helicobacter Pylori bacteria”… and more!
mastic-gum-capsules-60s,"Mastic Gum 600mg ""Vegan"" Capsules - 60's",excerpt,disease,rial. Antioxidant. High Cholesterol. Crohn's disease. Diabetes. Hypertension. Kills “Helicobacter
lotus-anti-ageing-serum-10ml,Lotus Anti-Ageing Serum - 10ml,excerpt,anti-inflammat,Scars. Rejuvenate ageing skin. Pigmentation Anti-inflammatory. Improve firmness
boswellia-capsules-10s,"Boswellia Serrata 600mg ""Vegan"" Capsules - 10's",excerpt,cancer,From Frankincense tree! Anti Cancerous. Reduces inflammation. Ulcerative colitis
boswellia-capsules-10s,"Boswellia Serrata 600mg ""Vegan"" Capsules - 10's",excerpt,colitis,Cancerous. Reduces inflammation. Ulcerative colitis. Improves metabolism. Depression Bursitis. A
boswellia-capsules-10s,"Boswellia Serrata 600mg ""Vegan"" Capsules - 10's",excerpt,ulcer,ree! Anti Cancerous. Reduces inflammation. Ulcerative colitis. Improves metabolism. Depressio
boswellia-capsules-10s,"Boswellia Serrata 600mg ""Vegan"" Capsules - 10's",excerpt,asthma,s. Improves metabolism. Depression Bursitis. Asthma. Helps with allergies. Anticoagulant. Reduce
boswellia-capsules-10s,"Boswellia Serrata 600mg ""Vegan"" Capsules - 10's",excerpt,depress,on. Ulcerative colitis. Improves metabolism. Depression Bursitis. Asthma. Helps with allergies. A
bulbinella-cream,Bulbinella Cream - 500ml,excerpt,eczema,"For various skin ailments: eczema, psoriasis, skin allergies, insect bites, pi"
bulbinella-cream,Bulbinella Cream - 500ml,excerpt,psoriasis,"For various skin ailments: eczema, psoriasis, skin allergies, insect bites, pigmentation,"
ocotea-weight-loss-drops-10ml,Ocotea Weight Loss Drops - 10ml,excerpt,cancer,essant. Detox. Fat burning. Anti-stress Anti-cancer. Diabetes. Menopause. Antioxidant. Anti-infl
ocotea-weight-loss-drops-10ml,Ocotea Weight Loss Drops - 10ml,excerpt,diabet,Detox. Fat burning. Anti-stress Anti-cancer. Diabetes. Menopause. Antioxidant. Anti-inflammatory
ocotea-weight-loss-drops-10ml,Ocotea Weight Loss Drops - 10ml,excerpt,cholesterol,ioxidant. Anti-inflammatory. Anti-irritation Cholesterol. Lowers blood pressure. Improves metabolism.
ocotea-weight-loss-drops-10ml,Ocotea Weight Loss Drops - 10ml,excerpt,anti-inflammat,ti-cancer. Diabetes. Menopause. Antioxidant. Anti-inflammatory. Anti-irritation Cholesterol. Lowers bloo
ocotea-weight-loss-drops-10ml,Ocotea Weight Loss Drops - 10ml,excerpt,\bcures?\b,"digestion. Anti acidity. Treats foot fungus. Cures candida, parasites, streptococcal. Local ana"
ocotea-weight-loss-drops-10ml,Ocotea Weight Loss Drops - 10ml,excerpt,\btreats?\b,"romotes proper food digestion. Anti acidity. Treats foot fungus. Cures candida, parasites, strep"
ocotea-weight-loss-drops-10ml,Ocotea Weight Loss Drops - 10ml,excerpt,menopause,burning. Anti-stress Anti-cancer. Diabetes. Menopause. Antioxidant. Anti-inflammatory. Anti-irrita
bee-pink-body-cream-100g,BEE-Pink Cream - 100g,excerpt,eczema,"For: dry skin, eczema, acne, stretch marks, “budget anti-ageing cr"
bee-pink-body-cream-500g,BEE-Pink Cream - 500g,excerpt,eczema,"For: dry skin, eczema, acne, stretch marks, “budget anti-ageing cr"
bee-pink-soap-bar-100g,BEE-Pink Soap Bar - 100g,excerpt,eczema,"For: AntiAgeing, Acne, Pimples, eczema. For all skin types."
charcoal-anti-ageing-detox-masque-50g,Charcoal Anti-Ageing Detox Masque - 50g,excerpt,antifungal,"Detox, Cellulite. Alternative wound healing, Antifungal Uneven skin tone, Natural Toothpaste, For"
charcoal-anti-ageing-detox-masque-50g,Charcoal Anti-Ageing Detox Masque - 50g,excerpt,\bheal(s|ing)?\b,"ckheads, Detox, Cellulite. Alternative wound healing, Antifungal Uneven skin tone, Natural Too"
charcoal-anti-ageing-detox-masque-100g,Charcoal Anti-Ageing Detox Masque - 100g,excerpt,antifungal,"Detox, Cellulite. Alternative wound healing, Antifungal Uneven skin tone, Natural Toothpaste, For"
charcoal-anti-ageing-detox-masque-100g,Charcoal Anti-Ageing Detox Masque - 100g,excerpt,\bheal(s|ing)?\b,"ckheads, Detox, Cellulite. Alternative wound healing, Antifungal Uneven skin tone, Natural Too"
charcoal-anti-ageing-detox-masque-500g,Charcoal Anti-Ageing Detox Masque - 500g,excerpt,antifungal,"Detox, Cellulite. Alternative wound healing, Antifungal Uneven skin tone, Natural Toothpaste, For"
charcoal-anti-ageing-detox-masque-500g,Charcoal Anti-Ageing Detox Masque - 500g,excerpt,\bheal(s|ing)?\b,"ckheads, Detox, Cellulite. Alternative wound healing, Antifungal Uneven skin tone, Natural Too"
saffron-bee-flawless-plooiloos-50g,Saffron BEE-Flawless #plooiloos - 50g,excerpt,cancer,"tone, for all skin types, antioxidants, anti-cancerous, stress"
saffron-bee-flawless-plooiloos-100g,Saffron BEE-Flawless #plooiloos - 100g,excerpt,cancer,"tone, for all skin types, antioxidants, anti-cancerous, stress"
rose-absolute-anti-ageing-serum-10ml,Rose Absolute Anti-Ageing Serum - 10ml,excerpt,anti-inflammat,under eyes. Reduces puffy & dark under eyes. Anti-inflammatory. Antioxidants
jasmine-absolute-anti-ageing-serum-10ml,Jasmine Absolute Anti-Ageing Serum - 10ml,excerpt,anti-inflammat,under eyes. Reduces puffy & dark under eyes. Anti-inflammatory. Antioxidants
saffron-argan-oil-10ml,Saffron Argan Oil (100% pure) - 10ml,excerpt,cancer,"Saffron : antidepressant, OCD treatment, anticancer, Alzheimers, antioxidant, prevents heart dis"
saffron-argan-oil-10ml,Saffron Argan Oil (100% pure) - 10ml,excerpt,\btreatment\b,"s of Castello Saffron : antidepressant, OCD treatment, anticancer, Alzheimers, antioxidant, preven"
saffron-argan-oil-10ml,Saffron Argan Oil (100% pure) - 10ml,excerpt,\bprevents?\b,"atment, anticancer, Alzheimers, antioxidant, prevents heart disease, lowers blood pressure, reduce"
saffron-argan-oil-10ml,Saffron Argan Oil (100% pure) - 10ml,excerpt,depress,"+ added benefits of Castello Saffron : antidepressant, OCD treatment, anticancer, Alzheimers, a"
saffron-argan-oil-10ml,Saffron Argan Oil (100% pure) - 10ml,excerpt,\bheart\b,"nticancer, Alzheimers, antioxidant, prevents heart disease, lowers blood pressure, reduces food"
saffron-argan-oil-10ml,Saffron Argan Oil (100% pure) - 10ml,excerpt,disease,"cer, Alzheimers, antioxidant, prevents heart disease, lowers blood pressure, reduces food craving"
saffron-argan-oil-10ml,Saffron Argan Oil (100% pure) - 10ml,excerpt,alzheimer,": antidepressant, OCD treatment, anticancer, Alzheimers, antioxidant, prevents heart disease, lower"
saffron-argan-oil-100ml,Saffron Argan Oil (100% pure) - 100ml,excerpt,cancer,"Saffron : antidepressant, OCD treatment, anticancer, Alzheimers, antioxidant, prevents heart dis"
saffron-argan-oil-100ml,Saffron Argan Oil (100% pure) - 100ml,excerpt,\btreatment\b,"s of Castello Saffron : antidepressant, OCD treatment, anticancer, Alzheimers, antioxidant, preven"
saffron-argan-oil-100ml,Saffron Argan Oil (100% pure) - 100ml,excerpt,\bprevents?\b,"atment, anticancer, Alzheimers, antioxidant, prevents heart disease, lowers blood pressure, reduce"
saffron-argan-oil-100ml,Saffron Argan Oil (100% pure) - 100ml,excerpt,depress,"+ added benefits of Castello Saffron : antidepressant, OCD treatment, anticancer, Alzheimers, a"
saffron-argan-oil-100ml,Saffron Argan Oil (100% pure) - 100ml,excerpt,\bheart\b,"nticancer, Alzheimers, antioxidant, prevents heart disease, lowers blood pressure, reduces food"
saffron-argan-oil-100ml,Saffron Argan Oil (100% pure) - 100ml,excerpt,disease,"cer, Alzheimers, antioxidant, prevents heart disease, lowers blood pressure, reduces food craving"
saffron-argan-oil-100ml,Saffron Argan Oil (100% pure) - 100ml,excerpt,alzheimer,": antidepressant, OCD treatment, anticancer, Alzheimers, antioxidant, prevents heart disease, lower"
argan-oil-100-moroccan-10ml,Argan Oil (100% pure) - 10ml,excerpt,diabet,"Diabetes, cholesterol, weight loss (natural appetit"
argan-oil-100-moroccan-10ml,Argan Oil (100% pure) - 10ml,excerpt,hypertension,"appetite suppressant), menopause, hair loss, hypertension, osteoporosis, rheumatism, psoriasis, eczema"
argan-oil-100-moroccan-10ml,Argan Oil (100% pure) - 10ml,excerpt,cholesterol,"Diabetes, cholesterol, weight loss (natural appetite suppressant),"
argan-oil-100-moroccan-10ml,Argan Oil (100% pure) - 10ml,excerpt,eczema,"ension, osteoporosis, rheumatism, psoriasis, eczema …."
argan-oil-100-moroccan-10ml,Argan Oil (100% pure) - 10ml,excerpt,psoriasis,"oss, hypertension, osteoporosis, rheumatism, psoriasis, eczema …."
argan-oil-100-moroccan-10ml,Argan Oil (100% pure) - 10ml,excerpt,menopause,"weight loss (natural appetite suppressant), menopause, hair loss, hypertension, osteoporosis, rheu"
argan-oil-100-moroccan-100ml,Argan Oil (100% pure) - 100ml,excerpt,diabet,"Diabetes, cholesterol, weight loss (natural appetit"
argan-oil-100-moroccan-100ml,Argan Oil (100% pure) - 100ml,excerpt,hypertension,"appetite suppressant), menopause, hair loss, hypertension, osteoporosis, rheumatism, psoriasis, eczema"
argan-oil-100-moroccan-100ml,Argan Oil (100% pure) - 100ml,excerpt,cholesterol,"Diabetes, cholesterol, weight loss (natural appetite suppressant),"
argan-oil-100-moroccan-100ml,Argan Oil (100% pure) - 100ml,excerpt,eczema,"ension, osteoporosis, rheumatism, psoriasis, eczema …."
argan-oil-100-moroccan-100ml,Argan Oil (100% pure) - 100ml,excerpt,psoriasis,"oss, hypertension, osteoporosis, rheumatism, psoriasis, eczema …."
argan-oil-100-moroccan-100ml,Argan Oil (100% pure) - 100ml,excerpt,menopause,"weight loss (natural appetite suppressant), menopause, hair loss, hypertension, osteoporosis, rheu"
argan-anti-ageing-soap-bar-100g,Argan Anti-Ageing Soap Bar - 100g,excerpt,eczema,"tle Coconut Oil base soap with Argan Oil for Eczema, Psoriasis, Acne, Hair loss, AntiAging. Idea"
argan-anti-ageing-soap-bar-100g,Argan Anti-Ageing Soap Bar - 100g,excerpt,psoriasis,"nut Oil base soap with Argan Oil for Eczema, Psoriasis, Acne, Hair loss, AntiAging. Ideal to wash h"
argan-anti-ageing-day-night-cream-50g,Argan Anti-Ageing Day-Night Cream - 50g,excerpt,eczema,"mprove skin tone, Improve firmness, also for eczema, psoriasis."
argan-anti-ageing-day-night-cream-50g,Argan Anti-Ageing Day-Night Cream - 50g,excerpt,psoriasis,"kin tone, Improve firmness, also for eczema, psoriasis."
argan-anti-ageing-day-night-cream-100g,Argan Anti-Ageing Day-Night Cream - 100g,excerpt,eczema,"mprove skin tone, Improve firmness, also for eczema, psoriasis."
argan-anti-ageing-day-night-cream-100g,Argan Anti-Ageing Day-Night Cream - 100g,excerpt,psoriasis,"kin tone, Improve firmness, also for eczema, psoriasis."
argan-anti-ageing-day-night-cream-500g,Argan Anti-Ageing Day-Night Cream - 500g,excerpt,eczema,"mprove skin tone, Improve firmness, also for eczema, psoriasis."
argan-anti-ageing-day-night-cream-500g,Argan Anti-Ageing Day-Night Cream - 500g,excerpt,psoriasis,"kin tone, Improve firmness, also for eczema, psoriasis."
canna-soap-bar-100g,Canna Soap Bar - 100g,excerpt,cancer,"Eczema, psoriasis, skin allergies, skin cancer, pain relief, rosacea, shingles, acne, anti"
canna-soap-bar-100g,Canna Soap Bar - 100g,excerpt,eczema,"Eczema, psoriasis, skin allergies, skin cancer, pai"
canna-soap-bar-100g,Canna Soap Bar - 100g,excerpt,psoriasis,"Eczema, psoriasis, skin allergies, skin cancer, pain relief, r"
canna-skin-cancer-serum-10ml,Canna Skin Cancer Serum - 10ml,title,cancer,Canna Skin Cancer Serum - 10ml
canna-skin-cancer-serum-10ml,Canna Skin Cancer Serum - 10ml,excerpt,cancer,•Skin Cancer •Eczema •Psoriasis •Shingles •Any other skin
canna-skin-cancer-serum-10ml,Canna Skin Cancer Serum - 10ml,excerpt,eczema,•Skin Cancer •Eczema •Psoriasis •Shingles •Any other skin ailment
canna-skin-cancer-serum-10ml,Canna Skin Cancer Serum - 10ml,excerpt,psoriasis,•Skin Cancer •Eczema •Psoriasis •Shingles •Any other skin ailments. Conta
canna-skin-cancer-serum-10ml,Canna Skin Cancer Serum - 10ml,excerpt,\bmedicinal\b,"ngles •Any other skin ailments. Contains: Medicinal Cannabis oil, Frankincense, Neroli. For exte"
canna-skin-cancer-serum-100ml,Canna Skin Cancer Serum - 100ml,title,cancer,Canna Skin Cancer Serum - 100ml
canna-skin-cancer-serum-100ml,Canna Skin Cancer Serum - 100ml,excerpt,cancer,•Skin Cancer •Eczema •Psoriasis •Shingles •Any other skin
canna-skin-cancer-serum-100ml,Canna Skin Cancer Serum - 100ml,excerpt,eczema,•Skin Cancer •Eczema •Psoriasis •Shingles •Any other skin ailment
canna-skin-cancer-serum-100ml,Canna Skin Cancer Serum - 100ml,excerpt,psoriasis,•Skin Cancer •Eczema •Psoriasis •Shingles •Any other skin ailments. Conta
canna-skin-cancer-serum-100ml,Canna Skin Cancer Serum - 100ml,excerpt,\bmedicinal\b,"ngles •Any other skin ailments. Contains: Medicinal Cannabis oil, Frankincense, Neroli. For exte"
can-cure-cream-50g,Can-Cure Cream - 50g,title,\bcures?\b,Can-Cure Cream - 50g
can-cure-cream-50g,Can-Cure Cream - 50g,excerpt,cancer,Skin Cancer •Eczema •Psoriasis •Shingles •Any other skin
can-cure-cream-50g,Can-Cure Cream - 50g,excerpt,eczema,Skin Cancer •Eczema •Psoriasis •Shingles •Any other skin ailment
can-cure-cream-50g,Can-Cure Cream - 50g,excerpt,psoriasis,Skin Cancer •Eczema •Psoriasis •Shingles •Any other skin ailments Cont
can-cure-cream-50g,Can-Cure Cream - 50g,excerpt,\bmedicinal\b,"other skin ailments Contains: Beeswax, Medicinal Cannabis Oil. For external use only. (4x th"
herbal-skin-cancer-cream-50g,Herbal Skin Cancer Cream - 50g,title,cancer,Herbal Skin Cancer Cream - 50g
herbal-skin-cancer-cream-50g,Herbal Skin Cancer Cream - 50g,excerpt,cancer,Skin Cancer •Eczema •Psoriasis •Shingles •Any other skin
herbal-skin-cancer-cream-50g,Herbal Skin Cancer Cream - 50g,excerpt,eczema,Skin Cancer •Eczema •Psoriasis •Shingles •Any other skin ailment
herbal-skin-cancer-cream-50g,Herbal Skin Cancer Cream - 50g,excerpt,psoriasis,Skin Cancer •Eczema •Psoriasis •Shingles •Any other skin ailments Cont
herbal-skin-cancer-cream-50g,Herbal Skin Cancer Cream - 50g,excerpt,\bmedicinal\b,"ailments Contains: Beeswax, Bulbinella, Medicinal Cannabis Oil. For external use only"
herbal-skin-cancer-cream-100g,Herbal Skin Cancer Cream - 100g,title,cancer,Herbal Skin Cancer Cream - 100g
herbal-skin-cancer-cream-100g,Herbal Skin Cancer Cream - 100g,excerpt,cancer,Skin Cancer •Eczema •Psoriasis •Shingles •Any other skin
herbal-skin-cancer-cream-100g,Herbal Skin Cancer Cream - 100g,excerpt,eczema,Skin Cancer •Eczema •Psoriasis •Shingles •Any other skin ailment
herbal-skin-cancer-cream-100g,Herbal Skin Cancer Cream - 100g,excerpt,psoriasis,Skin Cancer •Eczema •Psoriasis •Shingles •Any other skin ailments Cont
herbal-skin-cancer-cream-100g,Herbal Skin Cancer Cream - 100g,excerpt,\bmedicinal\b,"ailments Contains: Beeswax, Bulbinella, Medicinal Cannabis Oil. For external use only"
herbal-skin-cancer-cream-500g,Herbal Skin Cancer Cream - 500ml,title,cancer,Herbal Skin Cancer Cream - 500ml
herbal-skin-cancer-cream-500g,Herbal Skin Cancer Cream - 500ml,excerpt,cancer,Skin Cancer •Eczema •Psoriasis •Shingles •Any other skin
herbal-skin-cancer-cream-500g,Herbal Skin Cancer Cream - 500ml,excerpt,eczema,Skin Cancer •Eczema •Psoriasis •Shingles •Any other skin ailment
herbal-skin-cancer-cream-500g,Herbal Skin Cancer Cream - 500ml,excerpt,psoriasis,Skin Cancer •Eczema •Psoriasis •Shingles •Any other skin ailments Cont
herbal-skin-cancer-cream-500g,Herbal Skin Cancer Cream - 500ml,excerpt,\bmedicinal\b,"ailments Contains: Beeswax, Bulbinella, Medicinal Cannabis Oil. For external use only"
beeswax-bulbinella-cream-100g,Beeswax Bulbinella Cream - 100g,excerpt,bacteria,enefits of Beeswax: •Anti-Inflammatory •Anti-Bacterial •Anti-Oxidant •Natural Sun Protection (SPF
beeswax-bulbinella-cream-100g,Beeswax Bulbinella Cream - 100g,excerpt,anti-inflammat,"e as above, with added benefits of Beeswax: •Anti-Inflammatory •Anti-Bacterial •Anti-Oxidant •Natural S"
beeswax-bulbinella-cream-500g,Beeswax Bulbinella Cream - 500ml,excerpt,bacteria,enefits of Beeswax: •Anti-Inflammatory •Anti-Bacterial •Anti-Oxidant •Natural Sun Protection (SPF
beeswax-bulbinella-cream-500g,Beeswax Bulbinella Cream - 500ml,excerpt,anti-inflammat,"e as above, with added benefits of Beeswax: •Anti-Inflammatory •Anti-Bacterial •Anti-Oxidant •Natural S"
bulbinella-cream-100g,Bulbinella Cream - 100g,excerpt,eczema,"For various skin ailments: eczema, psoriasis, skin allergies, insect bites,"
bulbinella-cream-100g,Bulbinella Cream - 100g,excerpt,psoriasis,"For various skin ailments: eczema, psoriasis, skin allergies, insect bites, pigmentati"
boswellia-serrata-capsules-360s,"Boswellia Serrata 600mg ""Vegan"" Capsules - 360's",excerpt,cancer,From Frankincense tree! Anti Cancerous. Reduces inflammation. Ulcerative colitis
boswellia-serrata-capsules-360s,"Boswellia Serrata 600mg ""Vegan"" Capsules - 360's",excerpt,colitis,Cancerous. Reduces inflammation. Ulcerative colitis. Improves metabolism. Depression Bursitis. A
boswellia-serrata-capsules-360s,"Boswellia Serrata 600mg ""Vegan"" Capsules - 360's",excerpt,ulcer,ree! Anti Cancerous. Reduces inflammation. Ulcerative colitis. Improves metabolism. Depressio
boswellia-serrata-capsules-360s,"Boswellia Serrata 600mg ""Vegan"" Capsules - 360's",excerpt,asthma,s. Improves metabolism. Depression Bursitis. Asthma. Helps with allergies. Anticoagulant. Reduce
boswellia-serrata-capsules-360s,"Boswellia Serrata 600mg ""Vegan"" Capsules - 360's",excerpt,depress,on. Ulcerative colitis. Improves metabolism. Depression Bursitis. Asthma. Helps with allergies. A
bee-pink-body-cream-50g,BEE-Pink Cream - 50g,excerpt,eczema,"For: dry skin, eczema, acne, stretch marks, “budget anti-ageing cr"
hoodia-gordonii-vegan-capsules-30s,"Hoodia Gordonii 600mg ""Vegan"" Capsules - 30's",excerpt,diabet,"100% natural appetite suppressant. Not for diabetics, pregnant, lactation, or people on any ch"
hoodia-gordonii-vegan-capsules-30s,"Hoodia Gordonii 600mg ""Vegan"" Capsules - 30's",excerpt,cholesterol,ronic medication. Ideal for people with high cholesterol
bulbinella-cream-250g,Bulbinella Cream - 250g,excerpt,eczema,"For various skin ailments: eczema, psoriasis, skin allergies, insect bites, pi"
bulbinella-cream-250g,Bulbinella Cream - 250g,excerpt,psoriasis,"For various skin ailments: eczema, psoriasis, skin allergies, insect bites, pigmentation,"
canna-argan-skin-cancer-cream-50g,Canna-Argan Skin Cancer Cream - 50g,title,cancer,Canna-Argan Skin Cancer Cream - 50g
african-black-soap-100g,African Black Soap Bar - 100g,excerpt,eczema,*Anti-Ageing *Antioxidant *Acne *Eczema *Psoriasis *Gives even skin tone *Rich in Vi
african-black-soap-100g,African Black Soap Bar - 100g,excerpt,psoriasis,*Anti-Ageing *Antioxidant *Acne *Eczema *Psoriasis *Gives even skin tone *Rich in Vit C + potas
can-cure-cream-100g,Can-Cure Cream - 100g,title,\bcures?\b,Can-Cure Cream - 100g
can-cure-cream-100g,Can-Cure Cream - 100g,excerpt,cancer,Skin Cancer •Eczema •Psoriasis •Shingles •Any other skin
can-cure-cream-100g,Can-Cure Cream - 100g,excerpt,eczema,Skin Cancer •Eczema •Psoriasis •Shingles •Any other skin ailment
can-cure-cream-100g,Can-Cure Cream - 100g,excerpt,psoriasis,Skin Cancer •Eczema •Psoriasis •Shingles •Any other skin ailments Cont
can-cure-cream-100g,Can-Cure Cream - 100g,excerpt,\bmedicinal\b,"other skin ailments Contains: Beeswax, Medicinal Cannabis Oil. For external use only. (4x th"
can-cure-cream-500g,Can-Cure Cream - 500g,title,\bcures?\b,Can-Cure Cream - 500g
can-cure-cream-500g,Can-Cure Cream - 500g,excerpt,cancer,Skin Cancer •Eczema •Psoriasis •Shingles •Any other skin
can-cure-cream-500g,Can-Cure Cream - 500g,excerpt,eczema,Skin Cancer •Eczema •Psoriasis •Shingles •Any other skin ailment
can-cure-cream-500g,Can-Cure Cream - 500g,excerpt,psoriasis,Skin Cancer •Eczema •Psoriasis •Shingles •Any other skin ailments Cont
can-cure-cream-500g,Can-Cure Cream - 500g,excerpt,\bmedicinal\b,"other skin ailments Contains: Beeswax, Medicinal Cannabis Oil. For external use only. (4x th"
myrrh-anti-ageing-day-cream-50g,Myrrh Anti-Ageing Day Cream - 50g,excerpt,\btreats?\b,To treat and prevent signs of ageing. Also for treatm
myrrh-anti-ageing-day-cream-50g,Myrrh Anti-Ageing Day Cream - 50g,excerpt,\btreatment\b,"treat and prevent signs of ageing. Also for treatment of acne, pimples & black heads. Natural SPF"
myrrh-anti-ageing-day-cream-50g,Myrrh Anti-Ageing Day Cream - 50g,excerpt,\bprevents?\b,"To treat and prevent signs of ageing. Also for treatment of acne,"
myrrh-anti-ageing-night-cream-50g,Myrrh Anti-Ageing Night Cream - 50g,excerpt,\btreats?\b,To treat and prevent signs of ageing. Also for treatm
myrrh-anti-ageing-night-cream-50g,Myrrh Anti-Ageing Night Cream - 50g,excerpt,\btreatment\b,"treat and prevent signs of ageing. Also for treatment of acne, pimples & black heads. Natural SPF"
myrrh-anti-ageing-night-cream-50g,Myrrh Anti-Ageing Night Cream - 50g,excerpt,\bprevents?\b,"To treat and prevent signs of ageing. Also for treatment of acne,"
canna-argan-skin-cancer-cream-100g,Canna-Argan Skin Cancer Cream - 100g,title,cancer,Canna-Argan Skin Cancer Cream - 100g
canna-argan-skin-cancer-cream-250g,Canna-Argan Skin Cancer Cream - 250g,title,cancer,Canna-Argan Skin Cancer Cream - 250g
canna-argan-skin-cancer-cream-500ml,Canna-Argan Skin Cancer Cream - 500ml,title,cancer,Canna-Argan Skin Cancer Cream - 500ml
mastic-gum-600mg-capsules-360s,"Mastic Gum 600mg ""Vegan"" Capsules - 360's",excerpt,cancer,Excellent product!!!! Stomach cancer. Colon cancer. Peptic ulcers. Digestive & Ga
mastic-gum-600mg-capsules-360s,"Mastic Gum 600mg ""Vegan"" Capsules - 360's",excerpt,cancer,xcellent product!!!! Stomach cancer. Colon cancer. Peptic ulcers. Digestive & Gastrointestinal
mastic-gum-600mg-capsules-360s,"Mastic Gum 600mg ""Vegan"" Capsules - 360's",excerpt,diabet,ioxidant. High Cholesterol. Crohn's disease. Diabetes. Hypertension. Kills “Helicobacter Pylori
mastic-gum-600mg-capsules-360s,"Mastic Gum 600mg ""Vegan"" Capsules - 360's",excerpt,crohn,ntibacterial. Antioxidant. High Cholesterol. Crohn's disease. Diabetes. Hypertension. Kills “He
mastic-gum-600mg-capsules-360s,"Mastic Gum 600mg ""Vegan"" Capsules - 360's",excerpt,ulcer,t!!!! Stomach cancer. Colon cancer. Peptic ulcers. Digestive & Gastrointestinal ailments. Chr
mastic-gum-600mg-capsules-360s,"Mastic Gum 600mg ""Vegan"" Capsules - 360's",excerpt,hypertension,High Cholesterol. Crohn's disease. Diabetes. Hypertension. Kills “Helicobacter Pylori bacteria”… and m
mastic-gum-600mg-capsules-360s,"Mastic Gum 600mg ""Vegan"" Capsules - 360's",excerpt,cholesterol,heartburn. Antibacterial. Antioxidant. High Cholesterol. Crohn's disease. Diabetes. Hypertension. Ki
mastic-gum-600mg-capsules-360s,"Mastic Gum 600mg ""Vegan"" Capsules - 360's",excerpt,helicobacter,hn's disease. Diabetes. Hypertension. Kills “Helicobacter Pylori bacteria”… and more!
mastic-gum-600mg-capsules-360s,"Mastic Gum 600mg ""Vegan"" Capsules - 360's",excerpt,bacteria,"h pain, upper abdominal pain, heartburn. Antibacterial. Antioxidant. High Cholesterol. Crohn's dis"
mastic-gum-600mg-capsules-360s,"Mastic Gum 600mg ""Vegan"" Capsules - 360's",excerpt,bacteria,es. Hypertension. Kills “Helicobacter Pylori bacteria”… and more!
mastic-gum-600mg-capsules-360s,"Mastic Gum 600mg ""Vegan"" Capsules - 360's",excerpt,antibacterial,"omach pain, upper abdominal pain, heartburn. Antibacterial. Antioxidant. High Cholesterol. Crohn's dise"
mastic-gum-600mg-capsules-360s,"Mastic Gum 600mg ""Vegan"" Capsules - 360's",excerpt,\bkills?\b,ol. Crohn's disease. Diabetes. Hypertension. Kills “Helicobacter Pylori bacteria”… and more!
mastic-gum-600mg-capsules-360s,"Mastic Gum 600mg ""Vegan"" Capsules - 360's",excerpt,disease,rial. Antioxidant. High Cholesterol. Crohn's disease. Diabetes. Hypertension. Kills “Helicobacter
canna-bee-royale-cancer-cream-500ml,Canna-BEE Royale Skin Cancer Cream - 500ml,title,cancer,Canna-BEE Royale Skin Cancer Cream - 500ml
canna-bee-royale-cancer-cream-100g,Canna-BEE Royale Skin Cancer Cream - 100g,title,cancer,Canna-BEE Royale Skin Cancer Cream - 100g
canna-bee-royale-cancer-cream-50g,Canna-BEE Royale Skin Cancer Cream - 50g,title,cancer,Canna-BEE Royale Skin Cancer Cream - 50g
canna-bee-royale-skin-cancer-cream-250g,Canna-BEE Royale Skin Cancer Cream - 250g,title,cancer,Canna-BEE Royale Skin Cancer Cream - 250g
herbal-skin-cancer-cream-250g,Herbal Skin Cancer Cream - 250g,title,cancer,Herbal Skin Cancer Cream - 250g
can-cure-cream-250g,Can-Cure Cream - 250g,title,\bcures?\b,Can-Cure Cream - 250g
anxiety-stress-combo-1,Anxiety-Stress Combo 1,title,anxiety,Anxiety-Stress Combo 1
anxiety-stress-combo-2,Anxiety-Stress Combo 2,title,anxiety,Anxiety-Stress Combo 2
